training_method,training_source,test_source,model,scenario_type,params,accuracy,balanced_accuracy,precision_attack,recall_attack,f1_attack,precision_benign,recall_benign,f1_benign,f1_macro,cv_accuracy_mean,cv_accuracy_std,cv_balanced_accuracy_mean,cv_balanced_accuracy_std,cv_precision_attack_mean,cv_precision_attack_std,cv_recall_attack_mean,cv_recall_attack_std,cv_f1_attack_mean,cv_f1_attack_std,cv_precision_benign_mean,cv_precision_benign_std,cv_recall_benign_mean,cv_recall_benign_std,cv_f1_benign_mean,cv_f1_benign_std,cv_f1_macro_mean,cv_f1_macro_std,training_elapsed_seconds,prediction_time_seconds
Baseline,CICIDS2017,CICIDS2017,Random Forest,Intra-dataset,{},0.9948476591528362,0.9943088927421352,0.9810656098634962,0.9934109487243002,0.987199684915321,0.998347538702383,0.9952068367599702,0.9967747137558458,0.9919871993355832,0.9948999957535352,0.0003000901905653,0.9941372332633832,0.0005656679207065,0.981840826460732,0.0014399183414948,0.9928659557667804,0.0012295213439836,0.987321354349908,0.0007439517679356,0.9982116026615598,0.0003074817203648,0.9954085107599864,0.0003726942478845,0.9968080043570634,0.0001879622156583,0.9920646793534856,0.0004659365234952,49.53146780002862,0.4426905000000261
Baseline,CICIDS2017,IoT-23,MLP,Cross-dataset,{},0.251117166212534,0.4608867971265791,0.1856643515366108,0.8105028486499876,0.3021209407115354,0.701381840893122,0.1112707456031706,0.1920704657452244,0.2470957032283799,0.9928404603167864,0.0007985612296346,0.9904613448821618,0.0024420571632529,0.977916406480405,0.0025772216003857,0.9864961796287892,0.0053276532992321,0.9821740630205716,0.0020366669944926,0.9966190261778338,0.0013280533728771,0.994426510135534,0.0006878430288385,0.9955206869049088,0.0004966128670456,0.98884737496274,0.0012665434650533,83.29120260005584,0.0681274999515153
Baseline,CICIDS2017,UNSW-NB15,Árvore de decisão,Cross-dataset,{},0.7772207084468665,0.4868590537527867,0.0244104261481175,0.0029229625959871,0.0052207769223962,0.7956917204694035,0.9707951449095864,0.8745648487012407,0.4398928128118184,0.9938171472249352,0.0002319673919698,0.9914778890453432,0.0006523443299417,0.9816211078216464,0.0012576620738391,0.987579115168802,0.0014995926646033,0.9845894988998136,0.0005821079449063,0.9968902714693636,0.0003735936529981,0.995376662921884,0.0003269323549288,0.9961327895982028,0.00014486769782,0.9903611442490085,0.0003634372352942,6.396217699977569,0.024147999996785
Baseline,CICIDS2017 + IoT-23,UNSW-NB15,Árvore de decisão,Combinado,{},0.8084617290066881,0.5310007431260837,0.723092998955068,0.0685657666584097,0.1252545364043621,0.8101120077567139,0.9934357195937578,0.8924567874448542,0.5088556619246082,0.9960231856979064,0.0001209683598729,0.9940828171675636,0.0002304207651217,0.989284305805334,0.0004981978766383,0.9908488686510986,0.0004742927222683,0.9900658224590512,0.0003022134500657,0.9977113295565272,0.0001182865899585,0.9973167656840288,0.0001262705234613,0.9975139993308832,7.561988611475248e-05,0.9937899108949672,0.0001889132215965,6.81008019996807,0.0257450000499375
Baseline,CICIDS2017 + UNSW-NB15,IoT-23,MLP,Combinado,{},0.1762298736685657,0.4157542729749814,0.171615164729693,0.8149616051523408,0.2835253664716173,0.2634588838493393,0.0165469407976219,0.0311381990653878,0.1573317827685026,0.9858061913457046,0.0019445725762961,0.9831430072565523,0.0062036838301762,0.9518233763479652,0.0072617274156525,0.9787042639444824,0.0138264517913271,0.9649782749249108,0.0050793340532674,0.9946550999395398,0.0034348134117133,0.9875817505686222,0.0020869318876154,0.9910991285172326,0.0012023432981641,0.9780387017210718,0.003139393680349,280.473578300036,0.0538910999894142
Baseline,IoT-23,CICIDS2017,Árvore de decisão,Cross-dataset,{},0.8312212038642557,0.7133019568986871,0.5889560160352323,0.5167698786227397,0.5505066497783407,0.8827841468983585,0.9098340351746348,0.8961050050623955,0.7233058274203681,0.9985052443840502,0.000198542099071,0.996685096447338,0.0004566266272152,0.9988687451921155,0.0002200543221661,0.9936515206535824,0.0008918542992922,0.9962531261689088,0.0004991118813347,0.9984149994709968,0.000222329219168,0.9997186722410932,5.464706155504448e-05,0.999066399660897,0.0001239174067376,0.9976597629149032,0.0003115145898361,3.376986799994484,0.0255192999611608
Baseline,IoT-23,IoT-23,XGBoost,Intra-dataset,{},0.9988506316571713,0.9972380480554868,0.9997012100990986,0.994550408719346,0.997119157601947,0.9986393548067884,0.9999256873916276,0.9992821071393208,0.9982006323706338,0.9985901736804113,0.0002146880913799,0.9966028208106408,0.000494521899414,0.9996580234765492,0.0001571954462602,0.9932905706922516,0.0009623850230281,0.9964639362207022,0.0005400698371662,0.9983253654482546,0.0002398011796135,0.9999150709290294,3.9006070703049046e-05,0.9991195741980728,0.000133971990484,0.9977917552093876,0.0003370208875054,3.484701400040649,0.1734950999962166
Baseline,IoT-23,UNSW-NB15,XGBoost,Cross-dataset,{},0.6973297002724795,0.5316943274708943,0.2494923121554975,0.2556353728015853,0.2525264883646952,0.8127562528818714,0.8077532821402031,0.8102470447190075,0.5313867665418514,0.9985901736804113,0.0002146880913799,0.9966028208106408,0.000494521899414,0.9996580234765492,0.0001571954462602,0.9932905706922516,0.0009623850230281,0.9964639362207022,0.0005400698371662,0.9983253654482546,0.0002398011796135,0.9999150709290294,3.9006070703049046e-05,0.9991195741980728,0.000133971990484,0.9977917552093876,0.0003370208875054,3.484701400040649,0.2468191999942064
Baseline,UNSW-NB15,CICIDS2017,SVM linear,Cross-dataset,{},0.8425959871191478,0.7074622244240774,0.6417034741907839,0.4822392865989596,0.550659048481077,0.878130976258221,0.932685162249195,0.9045862963674804,0.7276226724242787,0.9550681557603294,0.0009493864614196,0.908371825236316,0.0025878232877756,0.9376781806217964,0.0008975704780418,0.830544664092027,0.0053347444450669,0.8808557303319718,0.0028837666485939,0.9588144350514836,0.001235990445065,0.986198986380605,0.0002574769225331,0.9723134093126348,0.0005653498110936,0.9265845698223034,0.0017242486020566,19.427232099988032,0.0203284999588504
Baseline,UNSW-NB15,IoT-23,Árvore de decisão,Cross-dataset,{},0.0243844438939806,0.0377012633143423,0.0149819695899475,0.0598959623482784,0.0239685969746832,0.0618944037967174,0.0155065642804062,0.0247999366135805,0.0243842667941319,0.9813665123784449,0.0005377439761612,0.9719282471367996,0.0012672687867985,0.9509093921950098,0.0011354817939575,0.9561977856115468,0.0025542987830508,0.9535441906812714,0.0013832684134864,0.9890346014579572,0.0006324928730045,0.9876587086620524,0.0003027256136637,0.9883460405046276,0.0003337214813977,0.9709451155929496,0.0008583344918583,6.355216999945696,0.0256493999622762
Baseline,UNSW-NB15,UNSW-NB15,XGBoost,Intra-dataset,{},0.9870696061431756,0.9907480802576172,0.9418648193222244,0.9968788704483528,0.968591301836386,0.999208154749186,0.9846172900668814,0.9918590651337172,0.9802251834850516,0.9875069005053292,0.000231656235033,0.9908462036621924,0.0002742085707024,0.9442101975662418,0.0013597208591428,0.9964117205386682,0.0007459496937494,0.9696078677252814,0.0005389356161,0.9990904497908472,0.0001886213316768,0.9852806867857165,0.0003882780804055,0.9921374421864838,0.0001474753695279,0.9808726549558828,0.0003431356956237,4.654366599977948,0.182274300022982
Baseline,UNSW-NB15 + IoT-23,CICIDS2017,MLP,Combinado,{},0.8004359673024524,0.714051275699777,0.5009577710056595,0.5700767896953183,0.5332869887614413,0.8886793663010711,0.8580257617042358,0.8730835880147453,0.7031852883880934,0.9870036944243916,0.0013782607930046,0.9821715255093104,0.003766842928888,0.9614631574843804,0.0053101301062312,0.9741178760372986,0.0082507594970376,0.9677127611419976,0.0034889551619007,0.9935139098909478,0.0020571081786956,0.990225174981322,0.0014344380060322,0.9918644010962374,0.0008588957764119,0.9797885811191176,0.0021732934828189,313.8120556999929,0.0626962999813258
