model,training_method,training_source,test_source,scenario_type,prediction_time_seconds,prediction_rows_per_second,metrics_calculation_time_seconds
decision_tree,baseline,cicids2017,cicids2017,intra_dataset,0.025293499988038,3990155.575453372,0.0471843999694101
linear_svm,baseline,cicids2017,cicids2017,intra_dataset,0.0242375999805517,4163984.886332897,0.0552895999862812
mlp,baseline,cicids2017,cicids2017,intra_dataset,0.0518512999988161,1946431.4299218028,0.0752229999634437
random_forest,baseline,cicids2017,cicids2017,intra_dataset,0.4426905000000261,227980.9483148928,0.0493487000348977
xgboost,baseline,cicids2017,cicids2017,intra_dataset,0.2064616000279784,488831.8214443909,0.0581195999984629
decision_tree,baseline,cicids2017,iot23,cross_dataset,0.0238909000181593,4224411.802120793,0.0458857999765314
linear_svm,baseline,cicids2017,iot23,cross_dataset,0.0193162999930791,5224861.906066921,0.0485875000013038
mlp,baseline,cicids2017,iot23,cross_dataset,0.0681274999515153,1481413.527163419,0.0625545000075362
random_forest,baseline,cicids2017,iot23,cross_dataset,0.3117077000206336,323780.9011240955,0.0685675999848172
xgboost,baseline,cicids2017,iot23,cross_dataset,0.1401927000260912,719901.9633776717,0.0489960999693721
decision_tree,baseline,cicids2017,unsw_nb15,cross_dataset,0.024147999996785,4179435.150465321,0.0465797999640926
linear_svm,baseline,cicids2017,unsw_nb15,cross_dataset,0.0198158999555744,5093132.294080276,0.0538669000379741
mlp,baseline,cicids2017,unsw_nb15,cross_dataset,0.0541248000226914,1864672.0164820529,0.0501188999623991
random_forest,baseline,cicids2017,unsw_nb15,cross_dataset,0.3998024000320583,252437.2039585237,0.0471636000438593
xgboost,baseline,cicids2017,unsw_nb15,cross_dataset,0.1387283999938517,727500.6415735554,0.0469807999907061
decision_tree,baseline,cicids2017_iot23,unsw_nb15,combined_to_unseen,0.0257450000499375,3920178.667867004,0.0532807999989017
linear_svm,baseline,cicids2017_iot23,unsw_nb15,combined_to_unseen,0.019186699995771,5260154.170453748,0.0460783999878913
mlp,baseline,cicids2017_iot23,unsw_nb15,combined_to_unseen,0.0516602999996393,1953627.8341531989,0.0470354999997653
random_forest,baseline,cicids2017_iot23,unsw_nb15,combined_to_unseen,0.4104216999839991,245905.61367475137,0.0489812999730929
xgboost,baseline,cicids2017_iot23,unsw_nb15,combined_to_unseen,0.1741629000171087,579486.2165827837,0.0469086999655701
decision_tree,baseline,cicids2017_unsw_nb15,iot23,combined_to_unseen,0.0272097999695688,3709141.563439402,0.0510985000291839
linear_svm,baseline,cicids2017_unsw_nb15,iot23,combined_to_unseen,0.0188363000052049,5358005.551627003,0.0470553999766707
mlp,baseline,cicids2017_unsw_nb15,iot23,combined_to_unseen,0.0538910999894142,1872758.210907267,0.0496628999826498
random_forest,baseline,cicids2017_unsw_nb15,iot23,combined_to_unseen,0.5728355000028387,176184.9606030001,0.1342797999968752
xgboost,baseline,cicids2017_unsw_nb15,iot23,combined_to_unseen,0.2277735999668948,443093.4929011469,0.0703841000213287
decision_tree,baseline,iot23,cicids2017,cross_dataset,0.0255192999611608,3954849.864753458,0.0554906000033952
linear_svm,baseline,iot23,cicids2017,cross_dataset,0.0211776999640278,4765626.11480141,0.0507086000288836
mlp,baseline,iot23,cicids2017,cross_dataset,0.0504106999724172,2002055.120345924,0.0578706000233069
random_forest,baseline,iot23,cicids2017,cross_dataset,0.5295348999788985,190591.7815879969,0.1688033000100404
xgboost,baseline,iot23,cicids2017,cross_dataset,0.1728414000244811,583916.8161430367,0.0902828000253066
decision_tree,baseline,iot23,iot23,intra_dataset,0.0268387999967671,3760414.027905745,0.0579106999794021
linear_svm,baseline,iot23,iot23,intra_dataset,0.0290212000254541,3477630.143187733,0.0634115999564528
mlp,baseline,iot23,iot23,intra_dataset,0.052493100054562,1922633.6393754052,0.0575902000418864
random_forest,baseline,iot23,iot23,intra_dataset,0.5807529000448994,173783.03232269222,0.0765615000273101
xgboost,baseline,iot23,iot23,intra_dataset,0.1734950999962166,581716.7170842339,0.0812595000024885
decision_tree,baseline,iot23,unsw_nb15,cross_dataset,0.0243610999896191,4142875.323487312,0.0592641999828629
linear_svm,baseline,iot23,unsw_nb15,cross_dataset,0.026005299994722,3880939.655396537,0.0611266999621875
mlp,baseline,iot23,unsw_nb15,cross_dataset,0.0744797999504953,1355065.4011837037,0.1142099000280723
random_forest,baseline,iot23,unsw_nb15,cross_dataset,0.3925722999847494,257086.40167408835,0.0623113000183366
xgboost,baseline,iot23,unsw_nb15,cross_dataset,0.2468191999942064,408902.5489198936,0.1002959000179544
decision_tree,baseline,unsw_nb15,cicids2017,cross_dataset,0.030456900014542,3313699.0288510006,0.0612458999967202
linear_svm,baseline,unsw_nb15,cicids2017,cross_dataset,0.0203284999588504,4964704.734943326,0.0570479999878443
mlp,baseline,unsw_nb15,cicids2017,cross_dataset,0.0741663000080734,1360793.244222965,0.0930909000453539
random_forest,baseline,unsw_nb15,cicids2017,cross_dataset,0.5302753999712877,190325.6308051716,0.07382679998409
xgboost,baseline,unsw_nb15,cicids2017,cross_dataset,0.2793749999837018,361252.7964416564,0.0950288999592885
decision_tree,baseline,unsw_nb15,iot23,cross_dataset,0.0256493999622762,3934789.903406518,0.0501625000033527
linear_svm,baseline,unsw_nb15,iot23,cross_dataset,0.0195732999709434,5156258.788749109,0.0494866000371985
mlp,baseline,unsw_nb15,iot23,cross_dataset,0.0692998000304214,1456353.408750034,0.0844905999838374
random_forest,baseline,unsw_nb15,iot23,cross_dataset,0.4435535000520758,227537.3770878841,0.1115123000345192
xgboost,baseline,unsw_nb15,iot23,cross_dataset,0.241335499973502,418193.75935608847,0.0617080000229179
decision_tree,baseline,unsw_nb15,unsw_nb15,intra_dataset,0.0303743000258691,3322710.3147741435,0.0600669999839738
linear_svm,baseline,unsw_nb15,unsw_nb15,intra_dataset,0.0267282000277191,3775974.4350660816,0.0545605999650433
mlp,baseline,unsw_nb15,unsw_nb15,intra_dataset,0.0714589999988675,1412348.3396297102,0.0789115999941714
random_forest,baseline,unsw_nb15,unsw_nb15,intra_dataset,0.6913651000359096,145979.30962201874,0.1067408000235445
xgboost,baseline,unsw_nb15,unsw_nb15,intra_dataset,0.182274300022982,553698.4642776018,0.0588899999856948
decision_tree,baseline,unsw_nb15_iot23,cicids2017,combined_to_unseen,0.0280009000562131,3604348.4244216527,0.0546685000299476
linear_svm,baseline,unsw_nb15_iot23,cicids2017,combined_to_unseen,0.0203697999822907,4954638.734191947,0.0528234000084921
mlp,baseline,unsw_nb15_iot23,cicids2017,combined_to_unseen,0.0626962999813258,1609744.116160931,0.0539160000043921
random_forest,baseline,unsw_nb15_iot23,cicids2017,combined_to_unseen,0.5059525000397116,199475.2471666382,0.047594100004062
xgboost,baseline,unsw_nb15_iot23,cicids2017,combined_to_unseen,0.1726023000082932,584725.6959794321,0.0498208000208251
