model,search_stage,training_source,training_rows,n_splits,random_state,params,split0_test_precision_attack,split1_test_precision_attack,split2_test_precision_attack,split3_test_precision_attack,split4_test_precision_attack,mean_test_precision_attack,std_test_precision_attack,rank_test_precision_attack,split0_test_recall_attack,split1_test_recall_attack,split2_test_recall_attack,split3_test_recall_attack,split4_test_recall_attack,mean_test_recall_attack,std_test_recall_attack,rank_test_recall_attack,split0_test_f1_attack,split1_test_f1_attack,split2_test_f1_attack,split3_test_f1_attack,split4_test_f1_attack,mean_test_f1_attack,std_test_f1_attack,rank_test_f1_attack,split0_test_precision_benign,split1_test_precision_benign,split2_test_precision_benign,split3_test_precision_benign,split4_test_precision_benign,mean_test_precision_benign,std_test_precision_benign,rank_test_precision_benign,split0_test_recall_benign,split1_test_recall_benign,split2_test_recall_benign,split3_test_recall_benign,split4_test_recall_benign,mean_test_recall_benign,std_test_recall_benign,rank_test_recall_benign,split0_test_f1_benign,split1_test_f1_benign,split2_test_f1_benign,split3_test_f1_benign,split4_test_f1_benign,mean_test_f1_benign,std_test_f1_benign,rank_test_f1_benign,split0_test_f1_macro,split1_test_f1_macro,split2_test_f1_macro,split3_test_f1_macro,split4_test_f1_macro,mean_test_f1_macro,std_test_f1_macro,rank_test_f1_macro,split0_test_accuracy,split1_test_accuracy,split2_test_accuracy,split3_test_accuracy,split4_test_accuracy,mean_test_accuracy,std_test_accuracy,rank_test_accuracy,split0_test_balanced_accuracy,split1_test_balanced_accuracy,split2_test_balanced_accuracy,split3_test_balanced_accuracy,split4_test_balanced_accuracy,mean_test_balanced_accuracy,std_test_balanced_accuracy,rank_test_balanced_accuracy,mean_fit_time,std_fit_time
xgboost,search_01_initial,cicids2017_unsw_nb15,470980,5,1,"{'classifier__eval_metric': 'logloss', 'classifier__learning_rate': 0.3, 'classifier__max_depth': 6, 'classifier__n_estimators': 200, 'classifier__tree_method': 'hist'}",0.9607772580064772,0.9615048568638537,0.9608800699120958,0.9630086947574215,0.9627684226788197,0.9617878604437335,0.0009356741612441101,1,0.992090875311853,0.9930463400392802,0.992197038059345,0.9935771537767397,0.9923566878980892,0.9926536190170616,0.0005692909610632524,3,0.9761830147289251,0.9770210988092751,0.9762874751906403,0.978054133138259,0.9773386654120599,0.9769768774558318,0.0006926498929642008,1,0.9980065022811501,0.9982472337066324,0.9980332606397924,0.9983814657766957,0.9980742741752143,0.9981485473158969,0.00014350910919353293,3,0.9898748623220138,0.9900606446647292,0.9899014026566875,0.9904587496848335,0.9904055416954191,0.9901402402047367,0.00024723972773627614,1,0.9939240506329113,0.9941370855985503,0.9939506995336442,0.9944043273202057,0.9942251203932513,0.9941282566957126,0.00017827068015842824,1,0.9850535326809182,0.9855790922039127,0.9851190873621423,0.9862292302292324,0.9857818929026556,0.9855525670757721,0.0004354553777197514,1,0.9903180602148711,0.9906577774003142,0.9903605248630515,0.9910824238821181,0.9907957875069006,0.9906429147734512,0.00028356084801556513,1,0.9909828688169334,0.9915534923520046,0.9910492203580162,0.9920179517307866,0.9913811147967542,0.991396929610899,0.0003749075990902992,3,13.206466054916381,2.2375484060477127
xgboost,search_01_initial,cicids2017_unsw_nb15,470980,5,1,"{'classifier__eval_metric': None, 'classifier__learning_rate': 0.3, 'classifier__max_depth': 6, 'classifier__n_estimators': 100, 'classifier__tree_method': None}",0.9589701507846958,0.9602007888131947,0.9604046836483155,0.9614002669130479,0.9615720524017467,0.9605095885122001,0.000937909199417864,2,0.9925155263018207,0.9950634322416264,0.9926747704230585,0.9942141302616911,0.9934713375796178,0.9935878393615629,0.0009556921564007018,1,0.9754545217413987,0.9773213075439237,0.9762731330427292,0.9775319015683307,0.9772614541182614,0.9767684636029287,0.0007878209412891285,2,0.9981123992610244,0.9987545699248724,0.998153203789947,0.9985411034076612,0.998354096693474,0.9983830746153958,0.00024080171426447397,1,0.989383866130552,0.9896890799792986,0.9897687009833194,0.9900208341627188,0.9900737831095069,0.989787252873079,0.00024874193413683594,2,0.9937289660457832,0.9942011597680463,0.9939432706338577,0.9942627156479267,0.9941966992477697,0.9940665622686767,0.0002013456258692954,2,0.9845917438935909,0.985761233655985,0.9851082018382935,0.9858973086081286,0.9857290766830156,0.9854175129358028,0.0004945680247165849,2,0.9900101915155632,0.9907639390207652,0.9903499087010064,0.990859484479171,0.9907533228587201,0.9905473693150452,0.00032071353498662025,2,0.9909496962161863,0.9923762561104625,0.9912217357031889,0.992117482212205,0.9917725603445624,0.9916875461173209,0.0005343773456442293,1,8.07145380973816,0.09779518952717167
xgboost,search_01_initial,cicids2017_unsw_nb15,470980,5,1,"{'classifier__eval_metric': 'logloss', 'classifier__learning_rate': 0.1, 'classifier__max_depth': 6, 'classifier__n_estimators': 200, 'classifier__tree_method': 'hist'}",0.958314129154504,0.959817538824253,0.95931038021448,0.9611296534017971,0.9607108006779312,0.9598565004545933,0.001002937869582003,3,0.9933117469080099,0.9940548861404533,0.9924093635543287,0.9935771537767397,0.9928874734607218,0.9932481247680507,0.0005651126465361111,2,0.9754991398634207,0.9766362451108214,0.9755792110206637,0.9770840945868351,0.9765341546814231,0.9762665690526328,0.0006225783613928164,3,0.9983125527327271,0.9985003682131619,0.9980858554084624,0.998380642657352,0.9982067581130813,0.9982972354249571,0.00014235306200747967,2,0.9891980837878366,0.9895961888079409,0.9894767573019095,0.9899544833260348,0.9898481872710866,0.9896147400989618,0.0002694100691497587,3,0.9937344193673097,0.9940283387318217,0.9937626612645272,0.9941497088180813,0.9940099013199539,0.9939370059003387,0.0001614529745311483,3,0.9846167796153652,0.9853322919213215,0.9846709361425954,0.9856169017024582,0.9852720280006886,0.9851017874764858,0.0003920005862834764,3,0.9900208076776084,0.9904879188075927,0.9900632723257888,0.9906790097244045,0.9904560703214574,0.9903414157713704,0.0002564105336014489,3,0.9912549153479233,0.9918255374741971,0.9909430604281191,0.9917658185513872,0.9913678303659041,0.9914314324335061,0.00032889012727088543,2,16.45251245498657,0.5063408424455524
xgboost,search_01_initial,cicids2017_unsw_nb15,470980,5,1,"{'classifier__eval_metric': 'logloss', 'classifier__learning_rate': 0.3, 'classifier__max_depth': 3, 'classifier__n_estimators': 200, 'classifier__tree_method': 'hist'}",0.958111156685808,0.9593741985124391,0.9585258187044451,0.9603435860508178,0.9597343082230575,0.9592178136353136,0.0008077292874112184,5,0.9919316311906152,0.9927809331705505,0.9912415733319179,0.99108232921068,0.9893312101910828,0.9912735354189695,0.0011415381470727623,4,0.9747281120413113,0.9757917253612981,0.9746092220975444,0.9754708602178627,0.9743080421316745,0.9749815923699382,0.0005571858416957213,4,0.9979649761687999,0.9981794085755211,0.9977915785528817,0.9977526286218797,0.9973119358074223,0.9978001055453009,0.00028694583881454613,4,0.9891582732858262,0.9894900274692464,0.9892777047918574,0.9897687009833194,0.9896225914326663,0.9894634595925831,0.0002221911920134783,5,0.993542109577538,0.9938157245864933,0.9935164022362748,0.9937446289745588,0.9934523849171724,0.9936142500584074,0.00014040613695095233,4,0.9841351108094246,0.9848037249738957,0.9840628121669096,0.9846077445962107,0.9838802135244235,0.9842979212141728,0.0003487380614393018,4,0.9897129389783006,0.9901482016221496,0.9896704743301201,0.9900314238396535,0.9895643127096692,0.9898254702959786,0.0002242599843137566,4,0.9905449522382207,0.9911354803198984,0.9902596390618876,0.9904255150969996,0.9894769008118746,0.9903684975057763,0.0005346858406301709,4,10.815710496902465,0.3066766016782392
xgboost,search_01_initial,cicids2017_unsw_nb15,470980,5,1,"{'classifier__eval_metric': 'logloss', 'classifier__learning_rate': 0.05, 'classifier__max_depth': 6, 'classifier__n_estimators': 200, 'classifier__tree_method': 'hist'}",0.9578736723279799,0.9594205876309841,0.9585649577928763,0.9603354254552937,0.9600721277691912,0.9592533541952651,0.0009215906966652018,4,0.9909230850894422,0.9914538988269016,0.9885344232708743,0.9908700037156961,0.9891188959660298,0.9901800613737889,0.0011388558576502434,6,0.9741181381757462,0.9751742501370507,0.9733190477434865,0.9753637954907647,0.9743790849673203,0.9744708633028736,0.0007418353310129897,5,0.9977110578660634,0.9978455197516326,0.9971110635566017,0.997699242890393,0.9972588452384136,0.9975251458606209,0.00028631893247738337,6,0.9891051926164789,0.98951656780392,0.9893175152938679,0.9897687009833194,0.9897154838367217,0.9894846921068616,0.0002477538595239431,4,0.9933894871521484,0.9936635906319752,0.9931990008326395,0.9937181494187789,0.993472845706065,0.9934886147483214,0.0001882837688043287,5,0.9837538126639473,0.984418920384513,0.983259024288063,0.9845409724547718,0.9839259653366926,0.9839797390255975,0.0004650219976405188,5,0.9894687672512633,0.9899040298951123,0.9891608985519555,0.9899889591914731,0.9895961611958045,0.9896237632171218,0.0003003154440740267,5,0.9900141388529605,0.9904852333154108,0.9889259692823711,0.9903193523495077,0.9894171899013757,0.9898323767403252,0.0005814394221640971,6,16.57479257583618,0.2112250950221771
xgboost,search_01_initial,cicids2017_unsw_nb15,470980,5,1,"{'classifier__eval_metric': 'logloss', 'classifier__learning_rate': 0.1, 'classifier__max_depth': 6, 'classifier__n_estimators': 100, 'classifier__tree_method': 'hist'}",0.9579806064337386,0.959703947368421,0.9584212422168477,0.96,0.9597301611823472,0.9591671914402708,0.0008078410952295923,6,0.9911354105844259,0.9911354105844259,0.9886405860183661,0.9911354105844259,0.9892250530785562,0.99025437417004,0.0010947592975881167,5,0.9742760240020871,0.9751664708186447,0.9732964046822743,0.9753192823003995,0.9742544237957081,0.9744625211198228,0.0007304105853782424,6,0.9977645405260692,0.9977655873695478,0.9971376215507671,0.9977657667299923,0.9972852615108924,0.9975437555374537,0.0002753210197026026,5,0.9891317329511525,0.9895961888079409,0.9892777047918574,0.9896758098119617,0.9896225914326663,0.9894608055591159,0.00021565935823288781,6,0.993429382521891,0.9936640972171329,0.9931921129762856,0.9937043230315183,0.9934391506197838,0.9934858132733224,0.00018501533799625483,6,0.983852703261989,0.9844152840178888,0.98324425882928,0.984511802665959,0.983846787207746,0.9839741671965726,0.0004576857702817736,6,0.9895324642235339,0.9899040298951123,0.9891502823899104,0.9899677268673829,0.989543080385579,0.9896195167523038,0.0002952285760044828,6,0.9901335717677893,0.9903657996961834,0.9889591454051118,0.9904056101981937,0.9894238222556113,0.989857589864578,0.0005709862196640282,5,9.322799587249756,0.5622670762393761
xgboost,search_01_initial,cicids2017_unsw_nb15,470980,5,1,"{'classifier__eval_metric': 'logloss', 'classifier__learning_rate': 0.3, 'classifier__max_depth': 3, 'classifier__n_estimators': 100, 'classifier__tree_method': 'hist'}",0.9571671563321478,0.957615757450758,0.9574424129738663,0.9592542863044825,0.9581116677857549,0.9579182561694018,0.0007354546569606632,8,0.9857211104623388,0.9858272732098307,0.9840225065024683,0.9859865173310686,0.9846072186836518,0.9852329252378716,0.0007766720768893427,7,0.9712343096234309,0.9715167525436141,0.9705505091489751,0.9724367196293485,0.9711787649537971,0.9713834111798333,0.0006140155949282173,7,0.9964035029079484,0.9964305767225475,0.9959777641179143,0.9964720974983964,0.996124807910737,0.9962817498315086,0.00019506079563737748,7,0.9889724909431108,0.9890919224491421,0.9890653821144685,0.9895298379712568,0.9892377514730081,0.9891794769901973,0.00019476929655944596,8,0.992674090255208,0.9927476874513016,0.9925095378551312,0.992988834069073,0.9926693343808883,0.9927178968023205,0.00015619555595544233,7,0.9819541999393195,0.9821322199974578,0.9815300235020532,0.9827127768492108,0.9819240496673427,0.9820506539910768,0.00038508384480524457,7,0.9883222217503927,0.9884389995328888,0.9880568176992653,0.9888211813665124,0.9883116055883477,0.9883901651874816,0.00024902538386168224,7,0.9873468007027248,0.9874595978294864,0.9865439443084684,0.9877581776511627,0.9869224850783299,0.9872062011140346,0.00042608334929127327,7,5.6263837814331055,0.42731212312825295
xgboost,search_01_initial,cicids2017_unsw_nb15,470980,5,1,"{'classifier__eval_metric': 'logloss', 'classifier__learning_rate': 0.05, 'classifier__max_depth': 6, 'classifier__n_estimators': 100, 'classifier__tree_method': 'hist'}",0.9535063728778574,0.9573719606828763,0.9568058076225046,0.9557138432951379,0.955409734421825,0.9557615437800402,0.0013338493567459748,9,0.9808376240777111,0.9823239025425978,0.9794575083603164,0.9828547162800574,0.9814755838641189,0.9813898670249603,0.001188657675404736,8,0.9669789104610393,0.9696874426890932,0.9679991606337215,0.969094287284432,0.9682672671100173,0.9684054136356608,0.0009313627294618812,8,0.9951748934065787,0.9955520530013624,0.9948338695251698,0.9956830878618588,0.9953368429491461,0.9953161493488232,0.00029774811510634895,8,0.9880435792295341,0.9890653821144685,0.9889459506084372,0.9886141964250169,0.9885476936143107,0.9886433603983533,0.0003576040507296617,9,0.9915964148254691,0.9922981167996912,0.9918811723054809,0.9921360509791649,0.9919306515399673,0.9919684812899547,0.00023842255462517577,8,0.9792876626432543,0.9809927797443923,0.9799401664696012,0.9806151691317985,0.9800989593249922,0.9801869474628078,0.0005848239771966287,8,0.986602403499087,0.9877171005138222,0.9870482823049811,0.9874623126247399,0.9871332116013419,0.9871926621087944,0.00037961352935243054,8,0.9844406016536227,0.9856946423285331,0.9842017294843768,0.9857344563525372,0.9850116387392148,0.9850166137116568,0.0006278330681941789,8,9.943665552139283,0.5349629341374945
xgboost,search_01_initial,cicids2017_unsw_nb15,470980,5,1,"{'classifier__eval_metric': 'logloss', 'classifier__learning_rate': 0.1, 'classifier__max_depth': 3, 'classifier__n_estimators': 200, 'classifier__tree_method': 'hist'}",0.956821480406386,0.9573230881054982,0.9579775046865237,0.9591412382388106,0.9584352078239609,0.9579397038522359,0.0008150186041021097,7,0.9798290779765381,0.978767450501619,0.976538032804289,0.9794044269865704,0.9779193205944798,0.9784916617726992,0.0011697967713616224,9,0.9681886129396029,0.9679265091863517,0.9671687301211787,0.9691669292992962,0.9680792370543573,0.9681060037201574,0.0006393440246088243,9,0.9949268396881341,0.9946620404350437,0.9941060379773843,0.9948238370309103,0.9944513358142264,0.9945940181891398,0.0002921290205848216,9,0.9889459506084372,0.9890919224491421,0.9892909749591943,0.9895696484732672,0.989396995594246,0.9892590984168574,0.00022021918041768458,7,0.9919273796926681,0.9918691613658744,0.9916926617403508,0.992189786849038,0.99191772711852,0.9919193433532904,0.0001594425695123833,9,0.9800579963161355,0.9798978352761131,0.9794306959307647,0.9806783580741671,0.9799984820864387,0.9800126735367238,0.00039931872355899794,9,0.9871225954392968,0.9870270499808909,0.9867404136056733,0.9875366257590555,0.9871013631152066,0.9871056095800247,0.00025519451748167647,9,0.9843875142924876,0.9839296864753806,0.9829145038817416,0.9844870377299189,0.9836581580943629,0.9838753800947784,0.0005674194526639737,9,10.539094734191895,0.2834608402243217
xgboost,search_01_initial,cicids2017_unsw_nb15,470980,5,1,"{'classifier__eval_metric': 'logloss', 'classifier__learning_rate': 0.1, 'classifier__max_depth': 3, 'classifier__n_estimators': 100, 'classifier__tree_method': 'hist'}",0.9533840859317968,0.9549921589127026,0.9537898588604287,0.9550086220410723,0.9552770932732134,0.9544903638038427,0.0007554986559398097,11,0.9705398375709964,0.969743616964807,0.9685227453686501,0.9701151865810287,0.9670912951167728,0.9692025363204511,0.0012516811538725253,10,0.9618854722887129,0.9623113592667702,0.9610998446100767,0.9625026332420477,0.961147891224646,0.9617894401264506,0.0005792051717596395,10,0.9926017755738623,0.9924066821197346,0.9921002850824607,0.9924992339359704,0.9917468684690441,0.9922709690362146,0.000311053142542217,10,0.9881364704008918,0.9885743859230065,0.9882691720742599,0.9885743859230065,0.9886803970486756,0.988446962273968,0.00020735473231637297,11,0.9903640897755611,0.9904868271474442,0.9901810228488994,0.9905329220295713,0.9902112587138404,0.9903552241030633,0.00014145432108689655,10,0.976124781032137,0.9763990932071072,0.975640433729488,0.9765177776358095,0.9756795749692432,0.976072332114757,0.0003602054422642757,10,0.9846171811966538,0.9848082721134656,0.9843199286593911,0.9848825852477813,0.9843623933075715,0.9845980721049727,0.0002273346437525844,10,0.979338153985944,0.9791590014439068,0.978395958721455,0.9793447862520176,0.9778858460827242,0.9788247492972095,0.0005850039162910066,10,6.3858349323272705,0.4698753781760448
xgboost,search_01_initial,cicids2017_unsw_nb15,470980,5,1,"{'classifier__eval_metric': 'logloss', 'classifier__learning_rate': 0.05, 'classifier__max_depth': 3, 'classifier__n_estimators': 200, 'classifier__tree_method': 'hist'}",0.9528080513114668,0.9546166701483184,0.9541592363369349,0.9553384872544922,0.9555334415754465,0.9544911773253318,0.0009760220622577154,10,0.969902861086045,0.9702744307022666,0.9656563511863687,0.970805244439726,0.9683651804670913,0.9690008135762994,0.001859097585467966,11,0.9612794612794613,0.9623818674809803,0.9598733676296003,0.9630097675275782,0.9619065193894498,0.9616901966614139,0.0010710782045175418,11,0.9924419147149389,0.9925381089436094,0.9913882603487288,0.9926717475883388,0.992064231788344,0.9922208526767919,0.00046272373447905094,11,0.9879904985601868,0.988468224584312,0.988401873747628,0.9886540069270273,0.9887334784224215,0.9884496164483153,0.0002591400978333347,10,0.9902112039155184,0.9904989860709418,0.9898928146617316,0.9906588036620149,0.9903960547391648,0.9903315726098743,0.00026315870993328744,11,0.9757453325974899,0.976440426775961,0.974883091145666,0.9768342855947965,0.9761512870643073,0.9760108846356441,0.0006670299052996825,11,0.9843730094696166,0.9848295044375557,0.9838528175294068,0.9850842923266381,0.9846596458448342,0.9845598539216102,0.00042249657477887577,11,0.9789466798231159,0.9793713276432894,0.9770291124669983,0.9797296256833767,0.9785493294447565,0.9787252150123074,0.000936274379396932,11,10.583959531784057,0.2565323061810533
xgboost,search_01_initial,cicids2017_unsw_nb15,470980,5,1,"{'classifier__eval_metric': 'logloss', 'classifier__learning_rate': 0.05, 'classifier__max_depth': 3, 'classifier__n_estimators': 100, 'classifier__tree_method': 'hist'}",0.9481870786218612,0.9534643788010426,0.9454836985569214,0.9472985882602696,0.9552686559168586,0.9499404800313908,0.0037609634550116637,12,0.9480864164764584,0.9320558416051807,0.9390095015659006,0.947449439991507,0.9464968152866242,0.9426196029851341,0.0062108298517609874,12,0.9481367448773755,0.9426385720037579,0.9422354789741405,0.9473740081208036,0.950862505665609,0.9462494619283373,0.003324370580868339,12,0.9870221207818575,0.9831089997360781,0.984778634448772,0.9868620113066326,0.9866541328496339,0.9856851798245948,0.0015211667753372523,12,0.9870483166792733,0.9886274665923537,0.9864644293164537,0.9868227238345475,0.9889192632305324,0.9875764399306322,0.0009991397486410808,12,0.9870352185567558,0.9858605106625115,0.9856208110419443,0.9868423671795689,0.9877853994764224,0.9866288613834406,0.0007943323686148232,12,0.9675859817170657,0.9642495413331347,0.9639281450080424,0.9671081876501862,0.9693239525710158,0.966439161655889,0.0020583708325441464,12,0.9792560193638795,0.9773132617096267,0.9769735445241836,0.9789481506645717,0.9804344133508854,0.9785850779226294,0.001281919040633528,12,0.9675673665778659,0.9603416540987673,0.9627369654411772,0.9671360819130272,0.9677080392585783,0.9650980214578831,0.0030086928932424113,12,6.365375137329101,0.2604487615049601
