model,search_method,training_source,training_rows,n_iter,n_splits,random_state,candidate_id,params,split0_test_precision_attack,split1_test_precision_attack,split2_test_precision_attack,split3_test_precision_attack,split4_test_precision_attack,mean_test_precision_attack,std_test_precision_attack,rank_test_precision_attack,split0_test_recall_attack,split1_test_recall_attack,split2_test_recall_attack,split3_test_recall_attack,split4_test_recall_attack,mean_test_recall_attack,std_test_recall_attack,rank_test_recall_attack,split0_test_f1_attack,split1_test_f1_attack,split2_test_f1_attack,split3_test_f1_attack,split4_test_f1_attack,mean_test_f1_attack,std_test_f1_attack,rank_test_f1_attack,split0_test_precision_benign,split1_test_precision_benign,split2_test_precision_benign,split3_test_precision_benign,split4_test_precision_benign,mean_test_precision_benign,std_test_precision_benign,rank_test_precision_benign,split0_test_recall_benign,split1_test_recall_benign,split2_test_recall_benign,split3_test_recall_benign,split4_test_recall_benign,mean_test_recall_benign,std_test_recall_benign,rank_test_recall_benign,split0_test_f1_benign,split1_test_f1_benign,split2_test_f1_benign,split3_test_f1_benign,split4_test_f1_benign,mean_test_f1_benign,std_test_f1_benign,rank_test_f1_benign,split0_test_f1_macro,split1_test_f1_macro,split2_test_f1_macro,split3_test_f1_macro,split4_test_f1_macro,mean_test_f1_macro,std_test_f1_macro,rank_test_f1_macro,split0_test_accuracy,split1_test_accuracy,split2_test_accuracy,split3_test_accuracy,split4_test_accuracy,mean_test_accuracy,std_test_accuracy,rank_test_accuracy,split0_test_balanced_accuracy,split1_test_balanced_accuracy,split2_test_balanced_accuracy,split3_test_balanced_accuracy,split4_test_balanced_accuracy,mean_test_balanced_accuracy,std_test_balanced_accuracy,rank_test_balanced_accuracy,mean_fit_time,std_fit_time,mean_score_time,std_score_time
xgboost,randomized_search,cicids2017_unsw_nb15,470980,12,5,1,7,"{""classifier__colsample_bytree"": 0.717772960390469, ""classifier__learning_rate"": 0.1404912558872892, ""classifier__max_depth"": 6, ""classifier__n_estimators"": 298, ""classifier__subsample"": 0.9873668590451505}",0.9596555082790793,0.9614141310482837,0.9601005179752807,0.9617971758664955,0.9617539711098545,0.9609442608557988,0.0008918136533162637,2,0.9936833165242317,0.9945856998779128,0.9937363978979776,0.9942672116354371,0.9930467091295117,0.9938638670130142,0.0005292113812350084,4,0.9763730245657957,0.9777186391150073,0.9766289321300016,0.9777626977084095,0.9771498707335544,0.9771266328505537,0.0005605749501809538,1,0.9984067265594666,0.9986346660955466,0.9984202846165174,0.9985546231982977,0.9982473275089306,0.9984527255957518,0.00013329828912093106,4,0.9895563783059305,0.9900208341627188,0.9896758098119617,0.9901269955014133,0.9901268644832528,0.9899013764530554,0.00023913300994893395,2,0.9939618516988123,0.9943090947862245,0.9940288162928013,0.9943229520649263,0.9941705141273426,0.9941586457940215,0.000145159169566131,1,0.985167438132304,0.986013866950616,0.9853288742114015,0.986042824886668,0.9856601924304484,0.9856426393222876,0.00035285443609229297,1,0.9903817571871417,0.9909337976134868,0.9904879188075927,0.990955029937577,0.9907108582105397,0.9906938723512676,0.00023060298071910643,1,0.991619847415081,0.9923032670203158,0.9917061038549697,0.9921971035684252,0.9915867868063822,0.9918826217330349,0.00030448924111777854,3,22.608723640441895,0.4913748100437309,0.9324541091918945,0.056816590567951866
xgboost,randomized_search,cicids2017_unsw_nb15,470980,12,5,1,5,"{""classifier__colsample_bytree"": 0.9147911547905092, ""classifier__learning_rate"": 0.19049288475798723, ""classifier__max_depth"": 8, ""classifier__n_estimators"": 122, ""classifier__subsample"": 0.8554457646825666}",0.9606946513898166,0.9619400298307874,0.9607540966764267,0.9626293303134812,0.9623932503343965,0.9616822717089816,0.000813111633343938,1,0.9925155263018207,0.9927809331705505,0.9927809331705505,0.9926747704230585,0.9929405520169852,0.992738543016593,0.00014014627023111205,6,0.9763458827215289,0.977117183010292,0.9765049861640475,0.9774212094287357,0.9774282877893307,0.9769635098227869,0.00045625214911502164,2,0.9981132832885071,0.998180675023076,0.9981800907278299,0.9981543152910965,0.9982209261885016,0.9981698581038023,3.541736964937357e-05,6,0.9898483219873403,0.9901800761707605,0.9898615921546771,0.9903658585134758,0.9902993789479272,0.9901110455548363,0.00021744654908618702,1,0.9939636218269039,0.9941642795283459,0.9940034380288635,0.9942448343391551,0.9942443742755506,0.9941241095997638,0.00011913826536135731,2,0.9851547522742163,0.985640731269319,0.9852542120964555,0.9858330218839454,0.9858363310324406,0.9855438097112753,0.00028769381655179395,2,0.9903817571871417,0.9907002420484946,0.9904454541594123,0.9908276359930358,0.9908276359930358,0.9906365450762241,0.0001889557557542649,2,0.9911819241445805,0.9914805046706555,0.9913212626626138,0.9915203144682672,0.9916199654824562,0.9914247942857145,0.00015493498684227935,6,13.493208408355713,0.8225271428386406,0.5596660137176513,0.03502736180859629
xgboost,randomized_search,cicids2017_unsw_nb15,470980,12,5,1,4,"{""classifier__colsample_bytree"": 0.7688731641189476, ""classifier__learning_rate"": 0.10269165750001427, ""classifier__max_depth"": 7, ""classifier__n_estimators"": 196, ""classifier__subsample"": 0.93351677090096}",0.9592087731884801,0.9603853841029057,0.9601436265709156,0.9615937564181557,0.9614199116408096,0.9605502903842533,0.000876047991724671,3,0.9935771537767397,0.9947449439991507,0.9935771537767397,0.9941079675141993,0.9933651804670913,0.9938744799067841,0.0004996830542257326,3,0.9760905274685161,0.9772632457238214,0.976574320446601,0.9775805820174867,0.9771315198663395,0.9769280391045531,0.000530306096649678,3,0.998379797005972,0.9986743971184875,0.9983802091002798,0.9985144539614561,0.9983273116552924,0.9984552337682976,0.00012587539732707314,3,0.9894369467998991,0.9897421606486457,0.9896890799792986,0.9900739148320661,0.9900339720791974,0.9897952148678213,0.00023542049582858662,3,0.9938882557201795,0.9941882164756065,0.9940156472830506,0.9942762715139561,0.9941633463480938,0.9941063474681773,0.00013756171135152244,3,0.9849893915943477,0.985725731099714,0.9852949838648257,0.9859284267657213,0.9856474331072167,0.9855171932863651,0.0003339206666837148,3,0.9902649794046456,0.990742706696675,0.9904666864835024,0.9908807168032613,0.9907002420484946,0.9906110662873159,0.0002184557495756371,3,0.9915070502883194,0.9922435523238982,0.9916331168780191,0.9920909411731327,0.9916995762731444,0.9918348473873028,0.00028251306629659,4,19.424668788909912,1.3809931400153395,0.7891406059265137,0.08908971816430773
xgboost,randomized_search,cicids2017_unsw_nb15,470980,12,5,1,11,"{""classifier__colsample_bytree"": 0.9725786509279286, ""classifier__learning_rate"": 0.05898416056128349, ""classifier__max_depth"": 8, ""classifier__n_estimators"": 200, ""classifier__subsample"": 0.8574398130611336}",0.9583951691315695,0.9600450773486323,0.9595654179265105,0.9614969967657477,0.9610409608869726,0.9601087244118865,0.0010983505413474299,5,0.9941079675141993,0.9948511067466426,0.9938956420192154,0.9941610488879452,0.9937898089171975,0.9941611148170401,0.00037074448902316235,2,0.9759249609171443,0.977138239357681,0.9764288694201084,0.9775562398872593,0.9771410677939565,0.97683787547523,0.0005829048663335723,4,0.9985131605384769,0.9987010204354929,0.9984601582689501,0.998527778149551,0.998434028428407,0.9985272291641756,9.336649906068128e-05,1,0.9892113539551733,0.9896492694772882,0.9895298379712568,0.9900473744973924,0.9899278093317055,0.9896731290465632,0.0002963982292265342,5,0.9938404927605792,0.9941545413947784,0.9939749400159957,0.9942694937164333,0.9941627240621044,0.9940804383899782,0.00015277952454392844,4,0.9848827268388618,0.9856463903762297,0.985201904718052,0.9859128668018462,0.9856518959280305,0.985459156932604,0.000367833571899374,4,0.9901906662703299,0.9906896258864495,0.9904029895112318,0.9908701006412162,0.9907002420484946,0.9905707248715444,0.0002421229825495554,4,0.9916596607346864,0.9922501881119654,0.9917127399952361,0.9921042116926688,0.9918588091244516,0.9919171219318017,0.00022688952664482993,1,20.38179202079773,0.19052944832845664,0.6231325149536133,0.06498351728745048
xgboost,randomized_search,cicids2017_unsw_nb15,470980,12,5,1,2,"{""classifier__colsample_bytree"": 0.7277015784306393, ""classifier__learning_rate"": 0.046066102129245355, ""classifier__max_depth"": 8, ""classifier__n_estimators"": 234, ""classifier__subsample"": 0.9806617212418095}",0.9581478639038117,0.9601905932984937,0.9593300210008707,0.9615009496432422,0.9609322860516454,0.9600203427796128,0.0011862161484095678,6,0.9940548861404533,0.9947980253728966,0.9941610488879452,0.9942672116354371,0.993524416135881,0.9941611176345226,0.0004083090343505616,1,0.9757711546477699,0.9771879969757802,0.9764350138157551,0.9776096033402922,0.9769566011639135,0.9767920739887022,0.0006359161440922317,5,0.9984996852018058,0.9986876991885161,0.9985269106638276,0.9985545071270829,0.998367172129502,0.9985271948621468,0.00010283164468496353,2,0.9891450031184893,0.9896890799792986,0.9894634871345728,0.9900473744973924,0.9899012686448325,0.9896492426749172,0.0003201173845434975,6,0.9938003306490321,0.9941680274602592,0.9939745384256482,0.9942827442827443,0.9941161967842317,0.9940683675203832,0.00016662820995216667,5,0.984785742648401,0.9856780122180198,0.9852047761207017,0.9859461738115183,0.9855363989740726,0.9854302207545427,0.0004012628298013104,5,0.9901269692980593,0.9907108582105397,0.9904029895112318,0.9908913329653064,0.990625928914179,0.9905516157798633,0.00026408436605779897,5,0.9915999446294713,0.9922435526760975,0.991812268011259,0.9921572930664148,0.9917128423903567,0.9919051801547198,0.00025173481735477933,2,28.21157851219177,0.7113581717214348,1.171348237991333,0.27942153512640666
xgboost,randomized_search,cicids2017_unsw_nb15,470980,12,5,1,3,"{""classifier__colsample_bytree"": 0.9538932750058051, ""classifier__learning_rate"": 0.061715573864800456, ""classifier__max_depth"": 7, ""classifier__n_estimators"": 239, ""classifier__subsample"": 0.833035868133867}",0.9585659411011523,0.9601148364605763,0.9597969334905903,0.9612956213746727,0.9610663105449689,0.960167928594392,0.0009783252226160748,4,0.9934709910292479,0.9941079675141993,0.9935240724029938,0.9940548861404533,0.9931528662420382,0.9936621566657864,0.00036550569155090396,5,0.9757063914086123,0.976815751727735,0.9763693270735524,0.9774008350730689,0.9768461719178261,0.9766276954401588,0.0005650482036028287,6,0.9983527741693562,0.9985138572767439,0.9983666912109245,0.9985009703540119,0.9982737163274319,0.9984016018676936,9.212272512604544e-05,5,0.9892644346245206,0.9896758098119617,0.9895961888079409,0.9899942938280452,0.989941079675142,0.9896943613495222,0.00026292524420699394,4,0.9937878262724291,0.9940751897738709,0.9939620931410444,0.9942294365371288,0.9940899369015811,0.9940288965252109,0.00014741970540691423,6,0.9847471088405206,0.9854454707508029,0.9851657101072984,0.9858151358050988,0.9854680544097036,0.9853282959826849,0.00035622689903671244,6,0.9901057369739692,0.9905622319419084,0.9903817571871417,0.9908064036689456,0.9905834642659985,0.9904879188075928,0.00023384491744459992,6,0.9913677128268843,0.9918918886630805,0.9915601306054673,0.9920245899842492,0.9915469729585902,0.9916782590076544,0.00024216195056188906,5,26.1859148979187,1.4587698636611168,0.8643003463745117,0.054087440770375125
xgboost,randomized_search,cicids2017_unsw_nb15,470980,12,5,1,1,"{""classifier__colsample_bytree"": 0.8251066014107722, ""classifier__learning_rate"": 0.1575599187428391, ""classifier__max_depth"": 4, ""classifier__n_estimators"": 233, ""classifier__subsample"": 0.7440267672451338}",0.9583482944344703,0.9596575763789215,0.958989888620849,0.9609868928296068,0.9603354254552937,0.9596636155438283,0.0009366328406780423,7,0.9917193056956314,0.9937363978979776,0.9917723870693773,0.9924093635543287,0.9908174097664544,0.9920909727967541,0.0009664773696405702,7,0.9747482652475609,0.9763997183612799,0.9751056834194457,0.9764453961456103,0.9753383144364909,0.9756074755220775,0.0006917000777362847,7,0.9979116745425095,0.9984200942587832,0.997925394509657,0.9980867261610094,0.9976858663955697,0.9980059511735057,0.0002432574019421256,7,0.9892246241225102,0.9895563783059305,0.9893971362978887,0.9899279429913611,0.9897685652104676,0.9895749293856317,0.0002517068693809697,7,0.9935491609910835,0.9939684761238295,0.9936429666155794,0.9939905928126958,0.9937114459677312,0.9937725285021839,0.0001768377320814074,7,0.9841487131193222,0.9851840972425547,0.9843743250175125,0.985217994479153,0.984524880202111,0.9846900020121305,0.00043423887078733903,7,0.9897235551403457,0.9903923733491868,0.989872181408977,0.9904242218353221,0.989978343029428,0.990078134952652,0.0002816465989857731,7,0.9904719649090707,0.991646388101954,0.990584761683633,0.991168653272845,0.990292987488461,0.9908329510911926,0.0005015666303145258,7,17.75605101585388,0.751643161601715,0.6268243789672852,0.10869056339367265
xgboost,randomized_search,cicids2017_unsw_nb15,470980,12,5,1,10,"{""classifier__colsample_bytree"": 0.7895485884259134, ""classifier__learning_rate"": 0.08380226576125108, ""classifier__max_depth"": 5, ""classifier__n_estimators"": 253, ""classifier__subsample"": 0.8343680578527715}",0.9581390582569043,0.9597866228970046,0.9590117622887667,0.9604769491699645,0.9603293028042192,0.9595487390833718,0.0008721222972036271,8,0.9926216890493126,0.993258665534264,0.99108232921068,0.9919847125643612,0.9906581740976645,0.9919211140912566,0.000957337077901597,8,0.9750756074668891,0.9762358158340941,0.9747833350736139,0.9759766033006058,0.9752580013063358,0.9754658725963077,0.0005504603993105191,8,0.9981387003039677,0.9982998661311915,0.9977518166124694,0.9979796357992481,0.9976458313826728,0.9979631700459098,0.0002407572833303133,8,0.9891582732858262,0.9895961888079409,0.9894104064652255,0.989795241317993,0.9897685652104676,0.9895457350174907,0.00023786243268996847,8,0.9936281958996508,0.9939289736566771,0.9935636043815463,0.9938705894893934,0.9936915872286284,0.9937365901311793,0.0001404748298646441,8,0.98435190168327,0.9850823947453856,0.9841734697275801,0.9849235963949996,0.9844747942674821,0.9846012313637434,0.000345418314354989,8,0.9898509490848868,0.9903286763769162,0.9897447874644358,0.9902331309185103,0.9899464945432928,0.9900208076776084,0.00022379715644913132,8,0.9908899811675693,0.9914274271711024,0.9902463678379527,0.9908899769411771,0.990213369654066,0.9907334245543735,0.00045570595767890877,8,18.85981421470642,0.3635634158835891,0.679140281677246,0.056884134019388286
xgboost,randomized_search,cicids2017_unsw_nb15,470980,12,5,1,12,"{""classifier__colsample_bytree"": 0.7250869013641078, ""classifier__learning_rate"": 0.24773227404307951, ""classifier__max_depth"": 3, ""classifier__n_estimators"": 262, ""classifier__subsample"": 0.7896790336629148}",0.9579017536662906,0.9593721144967683,0.9586539448035293,0.9603990948364534,0.9599938214396045,0.9592641458485291,0.0009011826314291296,9,0.9916131429481395,0.9927278517968045,0.9919847125643612,0.9912415733319179,0.9896496815286624,0.9914433924339772,0.0010227226737657823,9,0.9744659763699434,0.9757650066522318,0.975034565517961,0.9755766267011468,0.9745962051121216,0.9750876760706809,0.0005155044883512649,9,0.9978847029212521,0.9981660464244598,0.997978635110171,0.9977927011986302,0.997392141653516,0.9978428454616057,0.0002570206636484018,9,0.9891051926164789,0.9894900274692464,0.989304245126531,0.9897819711506562,0.9896889431498487,0.9894740759025522,0.00024744261616545086,9,0.9934755516457737,0.9938091017533104,0.9936225084799979,0.9937711929331352,0.9935256111370145,0.9936407931898463,0.00013133001894572648,9,0.9839707640078585,0.984787054202771,0.9843285369989794,0.984673909817141,0.9840609081245681,0.9843642346302637,0.0003233498207500464,9,0.9896067773578496,0.9901375854601044,0.9898403329228417,0.9900738884878338,0.9896810904921652,0.989867934944159,0.00020928653497559444,9,0.9903591677823091,0.9911089396330255,0.990644478845446,0.9905117722412871,0.9896693123392555,0.9904587341682646,0.00046758561954457695,9,12.593994998931885,2.578226251093501,0.3761643409729004,0.11196989640225939
xgboost,randomized_search,cicids2017_unsw_nb15,470980,12,5,1,6,"{""classifier__colsample_bytree"": 0.9595060755936949, ""classifier__learning_rate"": 0.20242687100180323, ""classifier__max_depth"": 3, ""classifier__n_estimators"": 241, ""classifier__subsample"": 0.7819149922650241}",0.9577645489069075,0.959135479234047,0.9589978392838769,0.9602966167155879,0.9594538897475529,0.9591296747775946,0.0008182727864630571,10,0.9906576782207124,0.9917193056956314,0.9894898879983014,0.989861457614523,0.9884819532908705,0.9900420565640078,0.0010921156534084353,10,0.9739334637964775,0.9751552795031055,0.9740052773205842,0.9748549323017408,0.9737516339869281,0.9743401173817672,0.0005573726575453152,10,0.9976442243340918,0.9979121217393632,0.9973514540249873,0.9974457386629578,0.997098387398711,0.9974903852320223,0.00027440322472150307,10,0.9890786522818052,0.9894369467998991,0.9894236766325624,0.9897687009833194,0.9895562397154838,0.9894528432826138,0.00022431192841633474,10,0.9933429734718492,0.9936564628116795,0.9933717483262832,0.9935923907975542,0.9933129970294787,0.9934553144873689,0.00014078965093637,10,0.9836382186341633,0.9844058711573925,0.9836885128234336,0.9842236615496476,0.9835323155082034,0.9838977159345681,0.00034902278913746766,10,0.9893944541169476,0.9898934137330673,0.9894369187651281,0.9897872521126162,0.9893413733067221,0.9895706824068963,0.00022476197711700113,10,0.9898681652512589,0.9905781262477653,0.9894567823154319,0.9898150792989212,0.9890190965031771,0.9897474499233109,0.000514617419399467,10,14.81067123413086,0.4776448634648364,0.5665924549102783,0.04444086085937247
xgboost,randomized_search,cicids2017_unsw_nb15,470980,12,5,1,8,"{""classifier__colsample_bytree"": 0.859949585491905, ""classifier__learning_rate"": 0.14757009901255264, ""classifier__max_depth"": 4, ""classifier__n_estimators"": 143, ""classifier__subsample"": 0.905950278304475}",0.9576994243421053,0.9583890546240099,0.9581874356333676,0.9599071207430341,0.9589012804626188,0.958616863161027,0.0007514860673206741,11,0.9890652370083338,0.9890652370083338,0.9877382026646849,0.9874727957959551,0.9857749469214437,0.9878232838797503,0.0012174284498072774,11,0.973129651390521,0.9734855411300645,0.9727384406283489,0.9734948585781941,0.9721524288107203,0.9730001841075697,0.0005068006986534496,11,0.9972437784318973,0.9972442946196859,0.9969107735102172,0.9968455945252352,0.9964184529855135,0.9969325788145099,0.0003054108874862686,11,0.9890786522818052,0.9892644346245206,0.9892246241225102,0.9896890799792986,0.9894368066245555,0.989338719526538,0.000209066738304757,11,0.9931444332664877,0.99323833696398,0.9930528264938421,0.9932544465383258,0.9929153571618814,0.9931210800849033,0.0001257470726727742,11,0.9831370423285044,0.9833619390470223,0.9828956335610954,0.98337465255826,0.9825338929863008,0.9830606320962365,0.00031619989224889334,11,0.9890759692555947,0.989224595524226,0.9889273429869634,0.9892458278483163,0.9887044035840163,0.9890356278398234,0.00020147226912862424,11,0.9890719446450695,0.9891648358164272,0.9884814133935975,0.9885809378876269,0.9876058767729996,0.988581001703144,0.0005554590369990515,11,10.33208498954773,0.33780853226339064,0.382517147064209,0.01812781224406815
xgboost,randomized_search,cicids2017_unsw_nb15,470980,12,5,1,9,"{""classifier__colsample_bytree"": 0.9503877015692118, ""classifier__learning_rate"": 0.03129028595344, ""classifier__max_depth"": 4, ""classifier__n_estimators"": 115, ""classifier__subsample"": 0.8981907190714008}",0.9526506213622778,0.9529411764705882,0.9459852498182196,0.9536857547021533,0.9524883318475011,0.951550226840148,0.0028126534975914793,12,0.9643823982164659,0.963108445246563,0.9668241414087797,0.9662402462975742,0.9640658174097665,0.9649242097158298,0.0013906178757781243,12,0.958480611975732,0.9579978352121228,0.9562911821069487,0.959921953277435,0.9582421060961777,0.9581867377336832,0.0011601048233396412,12,0.9910682196339434,0.9907525679919101,0.9916602172346615,0.9915323063813923,0.9909885926497797,0.9912003807783375,0.00034190093410264784,12,0.9880170388948605,0.9881099300662182,0.9861990259697174,0.9882691720742599,0.9879770688465418,0.9877144471703196,0.0007643506723771249,12,0.9895402772424609,0.9894294844963558,0.9889220819832467,0.9898980500578204,0.989480539330024,0.9894540866219815,0.00031268716040282185,12,0.9740104446090965,0.9737136598542393,0.9726066320450977,0.9749100016676278,0.9738613227131008,0.9738204121778324,0.0007361588853385713,12,0.9832901609410166,0.9831096861862499,0.9823240901949127,0.9838634336914519,0.9831946154826108,0.9831563972992484,0.0004927820705553196,12,0.9761997185556632,0.9756091876563906,0.9765115836892486,0.9772547091859171,0.9760214431281542,0.9763193284430747,0.0005512243348557652,12,8.534992980957032,0.2821299786227495,0.36328125,0.024252912545934764
