model,training_method,training_source,params,accuracy_mean,accuracy_std,balanced_accuracy_mean,balanced_accuracy_std,precision_attack_mean,precision_attack_std,recall_attack_mean,recall_attack_std,f1_attack_mean,f1_attack_std,precision_benign_mean,precision_benign_std,recall_benign_mean,recall_benign_std,f1_benign_mean,f1_benign_std,f1_macro_mean,f1_macro_std,training_elapsed_seconds
Árvore de decisão,Com hiperparâmetros,CICIDS2017,"{""classifier__class_weight"": null, ""classifier__max_depth"": 15, ""classifier__min_samples_leaf"": 4, ""classifier__min_samples_split"": 17}",0.99369824621003,0.0003240695405892,0.9919768448033478,0.0003827369741515,0.9795858498668094,0.00176622346329,0.989107836195935,0.0008612277242228,0.9843224771230848,0.0007935766161495,0.997270408624624,0.0002148061279573,0.9948458534107604,0.0004570525530453,0.9960565688922574,0.0002035998966486,0.9901895230076712,0.0004985718665392,19.66149189998396
SVM linear,Com hiperparâmetros,CICIDS2017,"{""classifier__C"": 46.00306804490304, ""classifier__class_weight"": ""balanced""}",0.9319164295723812,0.001340672900795,0.9435300367040338,0.0017335832840853,0.7604659312122427,0.0031449040635208,0.9628860173083768,0.0025280713750798,0.8497867370486467,0.0028127395961937,0.9900598202822956,0.0006796392239815,0.9241740560996906,0.0011561877098313,0.9559828997503054,0.000879672134702,0.902884818399476,0.001845403854459,55.00199489999795
MLP,Com hiperparâmetros,CICIDS2017,"{""classifier__alpha"": 1.9726066891840947e-05, ""classifier__early_stopping"": false, ""classifier__hidden_layer_sizes"": [50, 50], ""classifier__learning_rate_init"": 0.008237189558335287}",0.9940507027899276,0.0005301112245726,0.9937895516747094,0.0005326087502208,0.977278074425701,0.0022745200751416,0.9933542965172488,0.0007523391592304,0.985249356790608,0.001300411026687,0.998331714206181,0.0001888421656288,0.99422480683217,0.0005905204948274,0.9962739454447306,0.0003329019088051,0.9907616511176692,0.0008166509742644,230.2355763000087
Random Forest,Com hiperparâmetros,CICIDS2017,"{""classifier__class_weight"": ""balanced"", ""classifier__max_depth"": null, ""classifier__min_samples_leaf"": 1, ""classifier__n_estimators"": 229}",0.994989171514714,0.0003402475794982,0.9944159144210574,0.0005038714803216,0.9817079436521996,0.0016789299031974,0.9934604739167276,0.0010690246661888,0.9875479367539788,0.0008394956927994,0.9983603110529576,0.0002673523746854,0.9953713549253872,0.0004340171224058,0.9968635075745306,0.0002133658101446,0.9922057221642548,0.0005264154165479,622.5212863999768
XGBoost,Com hiperparâmetros,CICIDS2017,"{""classifier__colsample_bytree"": 0.717772960390469, ""classifier__learning_rate"": 0.1404912558872892, ""classifier__max_depth"": 6, ""classifier__n_estimators"": 298, ""classifier__subsample"": 0.9873668590451505}",0.9947513694849036,0.0003855640396727,0.9941000918693492,0.0007830372193995,0.9809770052977737,0.0011326319983315,0.9930146117900104,0.001540241207711,0.9869581991995068,0.0009617908924484,0.9982484133939956,0.0003854677550158,0.9951855719486886,0.0002919714482023,0.9967145808463986,0.0002411158291128,0.9918363900229528,0.0006014413608839,50.081530199968256
Árvore de decisão,Com hiperparâmetros,CICIDS2017 + IoT-23,"{""classifier__class_weight"": null, ""classifier__max_depth"": 20, ""classifier__min_samples_leaf"": 10, ""classifier__min_samples_split"": 20}",0.9957174402310076,0.000248934852218,0.993748405816113,0.0003503502814424,0.988148767179772,0.0008409955755545,0.9904666821966313,0.0005644319140584,0.9893062363172276,0.000620052247639,0.9976152770724032,0.0001410867588914,0.9970301294355948,0.0002123793277381,0.9973226091355396,0.0001557283232597,0.9933144227263836,0.000387888658114,30.642596199992116
SVM linear,Com hiperparâmetros,CICIDS2017 + IoT-23,"{""classifier__C"": 0.4944059287398678, ""classifier__class_weight"": null}",0.9653722026413012,0.0010830858050493,0.9584881341850912,0.0014200198397136,0.8874175947142685,0.0034167467618308,0.9470146979055624,0.0022128442074584,0.916245673690936,0.0025420753025077,0.9865274764895215,0.0005618098545631,0.9699615704646206,0.0009897723625761,0.9781742037120452,0.000688146326374,0.9472099387014908,0.0016146873998179,142.2015667000087
MLP,Com hiperparâmetros,CICIDS2017 + IoT-23,"{""classifier__alpha"": 0.001026603003516424, ""classifier__early_stopping"": false, ""classifier__hidden_layer_sizes"": [100, 50], ""classifier__learning_rate_init"": 0.0013103269001464436}",0.995422310926154,0.0002481912471222,0.993245473992966,0.0006462166104396,0.9875209411589798,0.000367272194617,0.9896174072645298,0.001322702257013,0.9885675101698244,0.0006268681443877,0.997403089159376,0.0003299918430141,0.996873540721402,9.441897661503948e-05,0.9971382096141366,0.0001547199611507,0.9928528598919804,0.000390791857821,498.19245009997394
Random Forest,Com hiperparâmetros,CICIDS2017 + IoT-23,"{""classifier__class_weight"": null, ""classifier__max_depth"": 30, ""classifier__min_samples_leaf"": 6, ""classifier__n_estimators"": 246}",0.9964372160176652,0.0001992447446911,0.9952930579085236,0.0003512888718592,0.9888513020186606,0.000587051677824,0.993386127887342,0.0006445708501601,0.991113394174158,0.0004973651280207,0.9983446539541792,0.0001611365052698,0.9971999879297055,0.0001484721432815,0.9977719841457692,0.0001245754356011,0.9944426891599636,0.0003109687646704,1343.5214622000349
XGBoost,Com hiperparâmetros,CICIDS2017 + IoT-23,"{""classifier__colsample_bytree"": 0.717772960390469, ""classifier__learning_rate"": 0.1404912558872892, ""classifier__max_depth"": 6, ""classifier__n_estimators"": 298, ""classifier__subsample"": 0.9873668590451505}",0.9962631109601258,0.0002592605012589,0.9948896449973712,0.0004481196345665,0.9887589087338174,0.00070284558174,0.9926005342623364,0.0007977127594975,0.9906758505246398,0.0006474560950451,0.9981483579623186,0.0001994255155545,0.9971787557324064,0.0001771541036878,0.9976633119456206,0.0001620818725235,0.9941695812351302,0.0004047676957251,99.89190990000498
Árvore de decisão,Com hiperparâmetros,CICIDS2017 + UNSW-NB15,"{""classifier__class_weight"": null, ""classifier__max_depth"": 15, ""classifier__min_samples_leaf"": 4, ""classifier__min_samples_split"": 17}",0.9892904157289056,0.0003835006804492,0.9885053476265452,0.0005731193345892,0.960364321590189,0.0013564223300962,0.987196902820176,0.0010229843250794,0.9735951738095951,0.0009384899726698,0.996776759778038,0.000256892311352,0.989813792432914,0.000360658107385,0.9932830330030148,0.0002410006016003,0.9834391034063048,0.0005897125735574,35.891478200035635
SVM linear,Com hiperparâmetros,CICIDS2017 + UNSW-NB15,"{""classifier__C"": 46.00306804490304, ""classifier__class_weight"": ""balanced""}",0.8887957025776041,0.0115780702352272,0.8832222894963552,0.0093508315450763,0.6713470213681859,0.0275386396370943,0.8739331968093925,0.0103905321809142,0.7590644511165088,0.0194612199289596,0.9658847294787062,0.0028369520497676,0.8925113821833177,0.013772497348183,0.9276994358655096,0.0080679034603551,0.8433819434910094,0.0137353494909532,143.87145180004882
MLP,Com hiperparâmetros,CICIDS2017 + UNSW-NB15,"{""classifier__alpha"": 2.6373077790924614e-05, ""classifier__early_stopping"": true, ""classifier__hidden_layer_sizes"": [50, 50], ""classifier__learning_rate_init"": 0.003994745694560914}",0.9874814217164212,0.0005591966994726,0.9875618220705414,0.0013778967077093,0.9515518988588498,0.0007061794137717,0.987695833923596,0.0027691900742481,0.9692850819503928,0.0014106863258077,0.9968949795528068,0.0006966667586667,0.9874278102174868,0.0001925880271221,0.9921386734870608,0.0003486413390357,0.9807118777187268,0.0008796352164087,718.2151514000143
Random Forest,Com hiperparâmetros,CICIDS2017 + UNSW-NB15,"{""classifier__class_weight"": null, ""classifier__max_depth"": 20, ""classifier__min_samples_leaf"": 3, ""classifier__n_estimators"": 168}",0.9907172279077668,0.0002838786345638,0.9916344652893944,0.0003967492988853,0.9616784998691482,0.0010163908231861,0.9931631928795674,0.0006792630097516,0.9771670120497988,0.0006927557581784,0.998276709588532,0.0001710932777376,0.990105737699221,0.0002708417219502,0.9941744150967536,0.0001785185122347,0.9856707135732764,0.000435623634418,1491.1834743000218
XGBoost,Com hiperparâmetros,CICIDS2017 + UNSW-NB15,"{""classifier__colsample_bytree"": 0.717772960390469, ""classifier__learning_rate"": 0.1404912558872892, ""classifier__max_depth"": 6, ""classifier__n_estimators"": 298, ""classifier__subsample"": 0.9873668590451505}",0.9906938723512676,0.0002306029807191,0.9918826217330348,0.0003044892411177,0.9609442608557988,0.0008918136533162,0.9938638670130142,0.000529211381235,0.9771266328505536,0.0005605749501809,0.9984527255957518,0.0001332982891209,0.9899013764530554,0.0002391330099489,0.9941586457940216,0.0001451591695661,0.9856426393222876,0.0003528544360922,111.75776100001532
Árvore de decisão,Com hiperparâmetros,IoT-23,"{""classifier__class_weight"": null, ""classifier__max_depth"": 8, ""classifier__min_samples_leaf"": 3, ""classifier__min_samples_split"": 6}",0.9985477090322308,0.0002117279011816,0.996544433764823,0.0004919064682008,0.9995298547736536,0.0001737227669062,0.9932056450022304,0.0009614123406828,0.9963575159451146,0.0005326206984637,0.998304149664931,0.0002395744455657,0.9998832225274156,4.312241944215377e-05,0.999093049914742,0.0001321248751631,0.997725282929928,0.0003323727557831,8.468512000050396
SVM linear,Com hiperparâmetros,IoT-23,"{""classifier__C"": 0.4944059287398678, ""classifier__class_weight"": null}",0.9972440443330928,0.0003636620504651,0.9948538165209524,0.0006283975410826,0.9953294542191452,0.0009461384669304,0.9908701006165204,0.0011073479254609,0.993094539452964,0.0009119242108591,0.9977201179131432,0.0002761912723505,0.9988375324253846,0.0002358241916319,0.998278498067626,0.000227116766584,0.995686518760295,0.0005695196657471,41.59652700001607
MLP,Com hiperparâmetros,IoT-23,"{""classifier__alpha"": 1.9726066891840947e-05, ""classifier__early_stopping"": false, ""classifier__hidden_layer_sizes"": [50, 50], ""classifier__learning_rate_init"": 0.008237189558335287}",0.9983863433691452,0.0002675609835156,0.996117122294834,0.0005654758650502,0.9995934544088876,0.0003204719520169,0.992335098072762,0.001064840902328,0.9959508802918198,0.0006731554151834,0.9980873103185512,0.0002652415532155,0.9998991465169056,7.944334433670224e-05,0.9989923963471916,0.0001669616049954,0.9974716383195056,0.0004200584378523,130.31053690001136
Random Forest,Com hiperparâmetros,IoT-23,"{""classifier__class_weight"": null, ""classifier__max_depth"": 20, ""classifier__min_samples_leaf"": 3, ""classifier__n_estimators"": 168}",0.9986198989341372,0.000191326686077,0.9966214002071878,0.0004640607344151,0.9998076556316532,0.0001569709184572,0.9932905729463574,0.0009216894539785,0.9965382492916068,0.0004814869118883,0.9983254276443267,0.0002296233203692,0.999952227468018,3.9005917322786535e-05,0.9991381524191428,0.0001193823156714,0.9978382008553748,0.0003004345558457,403.1172489000018
XGBoost,Com hiperparâmetros,IoT-23,"{""classifier__colsample_bytree"": 0.7895485884259134, ""classifier__learning_rate"": 0.08380226576125108, ""classifier__max_depth"": 5, ""classifier__n_estimators"": 253, ""classifier__subsample"": 0.8343680578527715}",0.9986114060045012,0.0001814587508533,0.99663997826544,0.0004439543865777,0.999700831637568,7.996265128806714e-05,0.9933542694679792,0.0008822050893679,0.9965172575479746,0.0004567023520838,0.9983412513440588,0.0002197972899517,0.9999256870629007,1.9860214847363742e-05,0.9991328294481834,0.0001132219414746,0.997825043498079,0.0002849621345,46.11937080003554
Árvore de decisão,Com hiperparâmetros,UNSW-NB15,"{""classifier__class_weight"": null, ""classifier__max_depth"": 10, ""classifier__min_samples_leaf"": 2, ""classifier__min_samples_split"": 10}",0.9868486984585332,0.0004157633878058,0.9897819463477256,0.0005002442405158,0.942730358385219,0.0015022773598134,0.9946706965570112,0.0007666432281023,0.9680037653643212,0.0009941696790285,0.9986490693235676,0.0001943070359275,0.98489319613844,0.0004165945183273,0.9917233959030008,0.0002628304864618,0.9798635806336607,0.0006284720290896,16.897676799970213
SVM linear,Com hiperparâmetros,UNSW-NB15,"{""classifier__C"": 0.4944059287398678, ""classifier__class_weight"": null}",0.954571319376619,0.0008442459063317,0.9071058739157368,0.002210608845182,0.9375650571999524,0.0010786909618248,0.827996837038745,0.0045186356922067,0.8793740057846199,0.0025375063185115,0.958221127606354,0.0010467221099105,0.9862149107927288,0.0002742144076803,0.972016144373034,0.0005043913470974,0.9256950750788272,0.0015204134986506,54.998011799994856
MLP,Com hiperparâmetros,UNSW-NB15,"{""classifier__alpha"": 0.001026603003516424, ""classifier__early_stopping"": false, ""classifier__hidden_layer_sizes"": [100, 50], ""classifier__learning_rate_init"": 0.0013103269001464436}",0.9864198055119112,0.0005275880076605,0.9899995807566622,0.000650997889732,0.9397454474603788,0.0023415469830063,0.9959658764447972,0.0013122124095607,0.9670369339996612,0.0012469395302304,0.9989763196325802,0.0003324892512818,0.9840332850685272,0.0006675143940557,0.9914483289674496,0.0003345597472699,0.9792426314835552,0.0007906323690471,326.83941880002385
Random Forest,Com hiperparâmetros,UNSW-NB15,"{""classifier__class_weight"": null, ""classifier__max_depth"": 20, ""classifier__min_samples_leaf"": 3, ""classifier__n_estimators"": 168}",0.9874389570682408,0.0003923329045802,0.9908117030938473,0.0004089657665265,0.9438895633992572,0.0017866196907831,0.9964329587234908,0.0007876215830726,0.9694486416983406,0.0009275811300626,0.9990957224096676,0.0001995056927096,0.9851904474642034,0.0005029170355606,0.9920942755502368,0.0002487362507648,0.9807714586242888,0.0005881101227175,592.863899100048
XGBoost,Com hiperparâmetros,UNSW-NB15,"{""classifier__colsample_bytree"": 0.9725786509279286, ""classifier__learning_rate"": 0.05898416056128349, ""classifier__max_depth"": 8, ""classifier__n_estimators"": 200, ""classifier__subsample"": 0.8574398130611336}",0.987587583336872,0.0002289155713099,0.9914380543600242,0.0001130373810996,0.9433575165239562,0.0013518668557633,0.9978555181298856,0.00047673683677,0.9698406790267547,0.0005273362225217,0.9994560844728616,0.0001206790591921,0.985020590590163,0.0003861067548592,0.9921857716942114,0.0001460578296504,0.9810132253604832,0.0003366845953766,52.22864270000719
Árvore de decisão,Com hiperparâmetros,UNSW-NB15 + IoT-23,"{""classifier__class_weight"": null, ""classifier__max_depth"": 15, ""classifier__min_samples_leaf"": 4, ""classifier__min_samples_split"": 17}",0.9924391693914816,0.0001338478705038,0.9923245218445054,0.0003352105454508,0.9707106480539368,0.0010175710673693,0.9921334367687576,0.0008645540426571,0.9813043308551472,0.0003252291788453,0.9980225374036158,0.0002164960463589,0.9925156069202532,0.0002727033895918,0.995261400668342,8.428505448672703e-05,0.9882828657617446,0.0002046968525254,26.691578299971297
SVM linear,Com hiperparâmetros,UNSW-NB15 + IoT-23,"{""classifier__C"": 46.00306804490304, ""classifier__class_weight"": ""balanced""}",0.9710858210539726,0.0024542086969588,0.9542164713820817,0.0017779731183951,0.9292232828903616,0.0110111387030538,0.9261008975485534,0.0010239037159744,0.9276297596555584,0.0057547331918178,0.9815396628302931,0.0002812993868525,0.9823320452156096,0.0029316043463213,0.9819337566757356,0.0015575746673072,0.9547817581656468,0.0036560820130443,102.31449540000176
MLP,Com hiperparâmetros,UNSW-NB15 + IoT-23,"{""classifier__alpha"": 0.001026603003516424, ""classifier__early_stopping"": false, ""classifier__hidden_layer_sizes"": [100, 50], ""classifier__learning_rate_init"": 0.0013103269001464436}",0.9915643976389654,0.0003445005924548,0.9910850705702392,0.0010200689899945,0.9682633396272908,0.0016688842236198,0.9902861959464536,0.0023194143937011,0.979147582483396,0.000865996488932,0.997558179938939,0.0005802963334227,0.9918839451940245,0.000452539097533,0.9947127453593988,0.0002150711958012,0.9869301639213972,0.0005404025345478,675.5030669000116
Random Forest,Com hiperparâmetros,UNSW-NB15 + IoT-23,"{""classifier__class_weight"": null, ""classifier__max_depth"": 20, ""classifier__min_samples_leaf"": 3, ""classifier__n_estimators"": 168}",0.9929997027474629,0.000189384713754,0.993682055649494,0.0002871700234162,0.9708967617883906,0.00069792979644,0.9948193103275728,0.0005250740340395,0.982712297084258,0.0004656430731881,0.9986968154459211,0.0001319288617171,0.9925448009714148,0.0001835401448864,0.9956112932272448,0.0001188677473605,0.9891617951557514,0.000292247430674,1134.499829999986
XGBoost,Com hiperparâmetros,UNSW-NB15 + IoT-23,"{""classifier__colsample_bytree"": 0.717772960390469, ""classifier__learning_rate"": 0.1404912558872892, ""classifier__max_depth"": 6, ""classifier__n_estimators"": 298, ""classifier__subsample"": 0.9873668590451505}",0.9930251815363708,0.0002077081337024,0.9936462267787572,0.0003117258762572,0.9711443824676628,0.0007154449917967,0.994681301573316,0.0005469302957062,0.9827717870000204,0.0005111214009865,0.9986622319254606,0.0001374707909243,0.9926111519841988,0.0001873389051293,0.9956274878208796,0.0001303394386675,0.98919963741045,0.0003207244231943,100.4347600999754
