evaluation_order,training_method,training_source,test_source,model,scenario_type,params,test_rows,benign_support,attack_support,accuracy,balanced_accuracy,precision_attack,recall_attack,f1_attack,precision_benign,recall_benign,f1_benign,f1_macro,f1_weighted,true_negative,false_positive,false_negative,true_positive,cv_n_splits,cv_accuracy_mean,cv_accuracy_std,cv_balanced_accuracy_mean,cv_balanced_accuracy_std,cv_precision_attack_mean,cv_precision_attack_std,cv_recall_attack_mean,cv_recall_attack_std,cv_f1_attack_mean,cv_f1_attack_std,cv_f1_macro_mean,cv_f1_macro_std,prediction_time_seconds,prediction_rows_per_second,metrics_calculation_time_seconds,training_rows,training_elapsed_seconds,training_elapsed_minutes,final_fit_time_seconds,model_size_mb,classification_report_file,confusion_matrix_file
32,randomized_search,cicids2017_iot23,unsw_nb15,decision_tree,combined_to_unseen,"{""classifier__class_weight"": null, ""classifier__max_depth"": 20, ""classifier__min_samples_leaf"": 10, ""classifier__min_samples_split"": 20}",100925,80740,20185,0.8037156304186277,0.5188010899182561,0.634024303073624,0.0439435224176368,0.0821905114899925,0.8061009183529931,0.9936586574188754,0.8901068421111025,0.4861486768005475,0.7285235759868806,80228,512,19298,887,5,0.9957174402310076,0.000248934852218,0.993748405816113,0.0003503502814424,0.988148767179772,0.0008409955755545,0.9904666821966313,0.0005644319140584,0.9893062363172276,0.000620052247639,0.9933144227263836,0.000387888658114,0.0289684000308625,3483968.734637601,0.0481361999991349,470980,30.64259619999212,0.5107099366665352,2.95076847076416,0.0248823165893554,results\model_evaluation\cicids2017_iot23\decision_tree\randomized_search_unsw_nb15.txt,results\model_evaluation\cicids2017_iot23\decision_tree\randomized_search_unsw_nb15_confusion_matrix.txt
34,randomized_search,cicids2017_iot23,unsw_nb15,linear_svm,combined_to_unseen,"{""classifier__C"": 0.4944059287398678, ""classifier__class_weight"": null}",100925,80740,20185,0.7865840971018083,0.5286784741144415,0.373315868263473,0.0988357691354966,0.1562928434329586,0.8096902103974639,0.9585211790933862,0.8778421175016022,0.5170674804672805,0.7335322626878735,77391,3349,18190,1995,5,0.9653722026413012,0.0010830858050493,0.9584881341850912,0.0014200198397136,0.8874175947142685,0.0034167467618308,0.9470146979055624,0.0022128442074584,0.916245673690936,0.0025420753025077,0.9472099387014908,0.0016146873998179,0.019010399992112,5308936.163461922,0.0481421999866142,470980,142.2015667000087,2.3700261116668115,22.30244326591492,0.0019969940185546,results\model_evaluation\cicids2017_iot23\linear_svm\randomized_search_unsw_nb15.txt,results\model_evaluation\cicids2017_iot23\linear_svm\randomized_search_unsw_nb15_confusion_matrix.txt
36,randomized_search,cicids2017_iot23,unsw_nb15,mlp,combined_to_unseen,"{""classifier__alpha"": 0.001026603003516424, ""classifier__early_stopping"": false, ""classifier__hidden_layer_sizes"": [100, 50], ""classifier__learning_rate_init"": 0.0013103269001464436}",100925,80740,20185,0.8061035422343324,0.519940549913302,0.775,0.0430022293782511,0.0814832199014315,0.8064525825359451,0.9968788704483528,0.8916115095959456,0.4865473647486886,0.7295858516570427,80488,252,19317,868,5,0.995422310926154,0.0002481912471222,0.993245473992966,0.0006462166104396,0.9875209411589798,0.000367272194617,0.9896174072645298,0.001322702257013,0.9885675101698244,0.0006268681443877,0.9928528598919804,0.000390791857821,0.0712121999822557,1417243.1131905487,0.0473516999627463,470980,498.19245009997394,8.303207501666233,145.42368745803833,0.1759099960327148,results\model_evaluation\cicids2017_iot23\mlp\randomized_search_unsw_nb15.txt,results\model_evaluation\cicids2017_iot23\mlp\randomized_search_unsw_nb15_confusion_matrix.txt
38,randomized_search,cicids2017_iot23,unsw_nb15,random_forest,combined_to_unseen,"{""classifier__class_weight"": null, ""classifier__max_depth"": 30, ""classifier__min_samples_leaf"": 6, ""classifier__n_estimators"": 246}",100925,80740,20185,0.8046866485013624,0.513723061679465,0.8432510885341074,0.0287837503096358,0.0556673373574782,0.804421565106349,0.998662373049294,0.8910794801520644,0.4733734087547713,0.7239970515931472,80632,108,19604,581,5,0.9964372160176652,0.0001992447446911,0.9952930579085236,0.0003512888718592,0.9888513020186606,0.000587051677824,0.993386127887342,0.0006445708501601,0.991113394174158,0.0004973651280207,0.9944426891599636,0.0003109687646704,1.008007299969904,100123.28284032596,0.048602299997583,470980,1343.5214622000349,22.39202437000058,119.27551674842834,6.447956085205078,results\model_evaluation\cicids2017_iot23\random_forest\randomized_search_unsw_nb15.txt,results\model_evaluation\cicids2017_iot23\random_forest\randomized_search_unsw_nb15_confusion_matrix.txt
40,randomized_search,cicids2017_iot23,unsw_nb15,xgboost,combined_to_unseen,"{""classifier__colsample_bytree"": 0.717772960390469, ""classifier__learning_rate"": 0.1404912558872892, ""classifier__max_depth"": 6, ""classifier__n_estimators"": 298, ""classifier__subsample"": 0.9873668590451505}",100925,80740,20185,0.7998315580876889,0.5000619271736437,0.2571428571428571,0.0004458756502353,0.0008902077151335,0.800019823570225,0.9996779786970522,0.8887738809668007,0.444832044340967,0.7111971463164672,80714,26,20176,9,5,0.9962631109601258,0.0002592605012589,0.9948896449973712,0.0004481196345665,0.9887589087338174,0.00070284558174,0.9926005342623364,0.0007977127594975,0.9906758505246398,0.0006474560950451,0.9941695812351302,0.0004047676957251,0.4139466999913566,243811.5825107613,0.0544703000341542,470980,99.89190990000498,1.664865165000083,11.744245767593384,0.2753438949584961,results\model_evaluation\cicids2017_iot23\xgboost\randomized_search_unsw_nb15.txt,results\model_evaluation\cicids2017_iot23\xgboost\randomized_search_unsw_nb15_confusion_matrix.txt
42,randomized_search,cicids2017_unsw_nb15,iot23,decision_tree,combined_to_unseen,"{""classifier__class_weight"": null, ""classifier__max_depth"": 15, ""classifier__min_samples_leaf"": 4, ""classifier__min_samples_split"": 17}",100925,80740,20185,0.0986078771364874,0.0677049789447609,0.0045771394977744,0.0162001486252167,0.0071376341034847,0.3264593155377675,0.1192098092643051,0.1746459450386943,0.0908917895710895,0.1411442828516524,9625,71115,19858,327,5,0.9892904157289056,0.0003835006804492,0.9885053476265452,0.0005731193345892,0.960364321590189,0.0013564223300962,0.987196902820176,0.0010229843250794,0.9735951738095951,0.0009384899726698,0.9834391034063048,0.0005897125735574,0.024772299977485,4074106.969951444,0.0475847999914549,470980,35.891478200035635,0.5981913033339272,3.6383798122406006,0.0377521514892578,results\model_evaluation\cicids2017_unsw_nb15\decision_tree\randomized_search_iot23.txt,results\model_evaluation\cicids2017_unsw_nb15\decision_tree\randomized_search_iot23_confusion_matrix.txt
44,randomized_search,cicids2017_unsw_nb15,iot23,linear_svm,combined_to_unseen,"{""classifier__C"": 46.00306804490304, ""classifier__class_weight"": ""balanced""}",100925,80740,20185,0.1266385930146148,0.15264429031459,0.0521411342937354,0.195987119147882,0.0823686183059881,0.3522391634070408,0.1093014614812979,0.1668336578633949,0.1246011380846915,0.1499406499519135,8825,71915,16229,3956,5,0.8887957025776041,0.0115780702352272,0.8832222894963552,0.0093508315450763,0.6713470213681859,0.0275386396370943,0.8739331968093925,0.0103905321809142,0.7590644511165088,0.0194612199289596,0.8433819434910094,0.0137353494909532,0.0186119999852962,5422576.836435206,0.0500441000331193,470980,143.87145180004882,2.3978575300008136,8.932112216949463,0.0020112991333007,results\model_evaluation\cicids2017_unsw_nb15\linear_svm\randomized_search_iot23.txt,results\model_evaluation\cicids2017_unsw_nb15\linear_svm\randomized_search_iot23_confusion_matrix.txt
46,randomized_search,cicids2017_unsw_nb15,iot23,mlp,combined_to_unseen,"{""classifier__alpha"": 2.6373077790924614e-05, ""classifier__early_stopping"": true, ""classifier__hidden_layer_sizes"": [50, 50], ""classifier__learning_rate_init"": 0.003994745694560914}",100925,80740,20185,0.1713747832548922,0.4116608867971266,0.1703522809934531,0.8121377260341838,0.2816303740926856,0.192332268370607,0.0111840475600693,0.0211388775092175,0.1513846258009516,0.0732371768259111,903,79837,3792,16393,5,0.9874814217164212,0.0005591966994726,0.9875618220705414,0.0013778967077093,0.9515518988588498,0.0007061794137717,0.987695833923596,0.0027691900742481,0.9692850819503928,0.0014106863258077,0.9807118777187268,0.0008796352164087,0.0548266000114381,1840803.5511767035,0.0520377000211738,470980,718.2151514000143,11.970252523333572,52.55031394958496,0.0789899826049804,results\model_evaluation\cicids2017_unsw_nb15\mlp\randomized_search_iot23.txt,results\model_evaluation\cicids2017_unsw_nb15\mlp\randomized_search_iot23_confusion_matrix.txt
48,randomized_search,cicids2017_unsw_nb15,iot23,random_forest,combined_to_unseen,"{""classifier__class_weight"": null, ""classifier__max_depth"": 20, ""classifier__min_samples_leaf"": 3, ""classifier__n_estimators"": 168}",100925,80740,20185,0.0284072330938815,0.0213772603418379,0.0024915988398093,0.009660639088432,0.003961482203803,0.1179066278351425,0.0330938815952439,0.051681785652115,0.027821633927959,0.0421377249624526,2672,78068,19990,195,5,0.9907172279077668,0.0002838786345638,0.9916344652893944,0.0003967492988853,0.9616784998691482,0.0010163908231861,0.9931631928795674,0.0006792630097516,0.9771670120497988,0.0006927557581784,0.9856707135732764,0.000435623634418,0.8308412000187673,121473.27310889288,0.1163852000026963,470980,1491.1834743000218,24.85305790500036,102.1895043849945,10.958267211914062,results\model_evaluation\cicids2017_unsw_nb15\random_forest\randomized_search_iot23.txt,results\model_evaluation\cicids2017_unsw_nb15\random_forest\randomized_search_iot23_confusion_matrix.txt
50,randomized_search,cicids2017_unsw_nb15,iot23,xgboost,combined_to_unseen,"{""classifier__colsample_bytree"": 0.717772960390469, ""classifier__learning_rate"": 0.1404912558872892, ""classifier__max_depth"": 6, ""classifier__n_estimators"": 298, ""classifier__subsample"": 0.9873668590451505}",100925,80740,20185,0.0268417141441664,0.019729997522913,0.0020293813577709,0.0078771364874907,0.0032273123997807,0.1129518072289156,0.0315828585583354,0.0493631189747957,0.0262952156872882,0.0401359576597927,2550,78190,20026,159,5,0.9906938723512676,0.0002306029807191,0.9918826217330348,0.0003044892411177,0.9609442608557988,0.0008918136533162,0.9938638670130142,0.000529211381235,0.9771266328505536,0.0005605749501809,0.9856426393222876,0.0003528544360922,0.4979797000414692,202668.9039565177,0.049082699988503,470980,111.75776100001532,1.862629350000255,12.570497274398804,0.3340272903442383,results\model_evaluation\cicids2017_unsw_nb15\xgboost\randomized_search_iot23.txt,results\model_evaluation\cicids2017_unsw_nb15\xgboost\randomized_search_iot23_confusion_matrix.txt
112,randomized_search,unsw_nb15_iot23,cicids2017,decision_tree,combined_to_unseen,"{""classifier__class_weight"": null, ""classifier__max_depth"": 15, ""classifier__min_samples_leaf"": 4, ""classifier__min_samples_split"": 17}",100925,80740,20185,0.7080802576170424,0.5107505573445628,0.2208917504061616,0.1818677235570968,0.199489185958048,0.8041183308424075,0.8396333911320287,0.8214921900561055,0.5104906880070768,0.6970915892364941,67792,12948,16514,3671,5,0.9924391693914816,0.0001338478705038,0.9923245218445054,0.0003352105454508,0.9707106480539368,0.0010175710673693,0.9921334367687576,0.0008645540426571,0.9813043308551472,0.0003252291788453,0.9882828657617446,0.0002046968525254,0.0261237000231631,3863350.13457178,0.0500448999810032,470980,26.691578299971297,0.4448596383328549,2.330632448196411,0.029031753540039,results\model_evaluation\unsw_nb15_iot23\decision_tree\randomized_search_cicids2017.txt,results\model_evaluation\unsw_nb15_iot23\decision_tree\randomized_search_cicids2017_confusion_matrix.txt
114,randomized_search,unsw_nb15_iot23,cicids2017,linear_svm,combined_to_unseen,"{""classifier__C"": 46.00306804490304, ""classifier__class_weight"": ""balanced""}",100925,80740,20185,0.5038989348526133,0.6822083230121377,0.2847656362536371,0.9793906366113452,0.4412378497215619,0.98679490842142,0.3850260094129304,0.5539231845193019,0.4975805171204319,0.531386117559754,31087,49653,416,19769,5,0.9710858210539726,0.0024542086969588,0.9542164713820817,0.0017779731183951,0.9292232828903616,0.0110111387030538,0.9261008975485534,0.0010239037159744,0.9276297596555584,0.0057547331918178,0.9547817581656468,0.0036560820130443,0.0194096000050194,5199746.515842681,0.0530406999750994,470980,102.31449540000176,1.7052415900000293,4.994678735733032,0.0020084381103515,results\model_evaluation\unsw_nb15_iot23\linear_svm\randomized_search_cicids2017.txt,results\model_evaluation\unsw_nb15_iot23\linear_svm\randomized_search_cicids2017_confusion_matrix.txt
116,randomized_search,unsw_nb15_iot23,cicids2017,mlp,combined_to_unseen,"{""classifier__alpha"": 0.001026603003516424, ""classifier__early_stopping"": false, ""classifier__hidden_layer_sizes"": [100, 50], ""classifier__learning_rate_init"": 0.0013103269001464436}",100925,80740,20185,0.7907059697795392,0.703232598464206,0.4799931746438017,0.5574436462719842,0.5158273546198455,0.8847101944942761,0.849021550656428,0.8664985495155572,0.6911629520677014,0.7963643105364148,68550,12190,8933,11252,5,0.9915643976389654,0.0003445005924548,0.9910850705702392,0.0010200689899945,0.9682633396272908,0.0016688842236198,0.9902861959464536,0.0023194143937011,0.979147582483396,0.000865996488932,0.9869301639213972,0.0005404025345478,0.0761426999815739,1325471.7789679533,0.053168199956417,470980,675.5030669000116,11.258384448333526,129.01825165748596,0.190155029296875,results\model_evaluation\unsw_nb15_iot23\mlp\randomized_search_cicids2017.txt,results\model_evaluation\unsw_nb15_iot23\mlp\randomized_search_cicids2017_confusion_matrix.txt
118,randomized_search,unsw_nb15_iot23,cicids2017,random_forest,combined_to_unseen,"{""classifier__class_weight"": null, ""classifier__max_depth"": 20, ""classifier__min_samples_leaf"": 3, ""classifier__n_estimators"": 168}",100925,80740,20185,0.711825613079019,0.4833106267029972,0.1586497890295358,0.1024523160762942,0.1245033112582781,0.7938673341677096,0.8641689373297002,0.8275277234181344,0.4760155173382063,0.6869228409861632,69773,10967,18117,2068,5,0.9929997027474629,0.000189384713754,0.993682055649494,0.0002871700234162,0.9708967617883906,0.00069792979644,0.9948193103275728,0.0005250740340395,0.982712297084258,0.0004656430731881,0.9891617951557514,0.000292247430674,1.1436090000206605,88251.31666345464,0.0476842999923974,470980,1134.499829999986,18.908330499999767,71.24916505813599,8.392435073852539,results\model_evaluation\unsw_nb15_iot23\random_forest\randomized_search_cicids2017.txt,results\model_evaluation\unsw_nb15_iot23\random_forest\randomized_search_cicids2017_confusion_matrix.txt
120,randomized_search,unsw_nb15_iot23,cicids2017,xgboost,combined_to_unseen,"{""classifier__colsample_bytree"": 0.717772960390469, ""classifier__learning_rate"": 0.1404912558872892, ""classifier__max_depth"": 6, ""classifier__n_estimators"": 298, ""classifier__subsample"": 0.9873668590451505}",100925,80740,20185,0.7442952687639336,0.5827656675749319,0.3462253829321663,0.3135496655932623,0.3290783829455349,0.832343154455805,0.8519816695566015,0.842047923615999,0.5855631532807669,0.7394540154819063,68789,11951,13856,6329,5,0.9930251815363708,0.0002077081337024,0.9936462267787572,0.0003117258762572,0.9711443824676628,0.0007154449917967,0.994681301573316,0.0005469302957062,0.9827717870000204,0.0005111214009865,0.98919963741045,0.0003207244231943,0.4180854000151157,241398.0492893344,0.0525508999708108,470980,100.4347600999754,1.6739126683329233,12.49584698677063,0.2929468154907226,results\model_evaluation\unsw_nb15_iot23\xgboost\randomized_search_cicids2017.txt,results\model_evaluation\unsw_nb15_iot23\xgboost\randomized_search_cicids2017_confusion_matrix.txt
