model,training_method,training_source,training_elapsed_seconds,final_fit_time_seconds,model_size_mb,params
decision_tree,randomized_search,cicids2017,19.66149189998396,1.3804831504821775,0.0163908004760742,"{""classifier__class_weight"": null, ""classifier__max_depth"": 15, ""classifier__min_samples_leaf"": 4, ""classifier__min_samples_split"": 17}"
decision_tree,randomized_search,cicids2017_iot23,30.64259619999212,2.95076847076416,0.0248823165893554,"{""classifier__class_weight"": null, ""classifier__max_depth"": 20, ""classifier__min_samples_leaf"": 10, ""classifier__min_samples_split"": 20}"
decision_tree,randomized_search,cicids2017_unsw_nb15,35.891478200035635,3.6383798122406006,0.0377521514892578,"{""classifier__class_weight"": null, ""classifier__max_depth"": 15, ""classifier__min_samples_leaf"": 4, ""classifier__min_samples_split"": 17}"
decision_tree,randomized_search,iot23,8.468512000050396,0.4565634727478027,0.0053071975708007,"{""classifier__class_weight"": null, ""classifier__max_depth"": 8, ""classifier__min_samples_leaf"": 3, ""classifier__min_samples_split"": 6}"
decision_tree,randomized_search,unsw_nb15,16.897676799970213,1.4856290817260742,0.0139932632446289,"{""classifier__class_weight"": null, ""classifier__max_depth"": 10, ""classifier__min_samples_leaf"": 2, ""classifier__min_samples_split"": 10}"
decision_tree,randomized_search,unsw_nb15_iot23,26.691578299971297,2.330632448196411,0.029031753540039,"{""classifier__class_weight"": null, ""classifier__max_depth"": 15, ""classifier__min_samples_leaf"": 4, ""classifier__min_samples_split"": 17}"
linear_svm,randomized_search,cicids2017,55.00199489999795,5.579139232635498,0.0019989013671875,"{""classifier__C"": 46.00306804490304, ""classifier__class_weight"": ""balanced""}"
linear_svm,randomized_search,cicids2017_iot23,142.2015667000087,22.30244326591492,0.0019969940185546,"{""classifier__C"": 0.4944059287398678, ""classifier__class_weight"": null}"
linear_svm,randomized_search,cicids2017_unsw_nb15,143.87145180004882,8.932112216949463,0.0020112991333007,"{""classifier__C"": 46.00306804490304, ""classifier__class_weight"": ""balanced""}"
linear_svm,randomized_search,iot23,41.59652700001607,2.3201284408569336,0.001993179321289,"{""classifier__C"": 0.4944059287398678, ""classifier__class_weight"": null}"
linear_svm,randomized_search,unsw_nb15,54.998011799994856,5.208250284194946,0.0020112991333007,"{""classifier__C"": 0.4944059287398678, ""classifier__class_weight"": null}"
linear_svm,randomized_search,unsw_nb15_iot23,102.31449540000176,4.994678735733032,0.0020084381103515,"{""classifier__C"": 46.00306804490304, ""classifier__class_weight"": ""balanced""}"
mlp,randomized_search,cicids2017,230.2355763000087,21.2933886051178,0.1010007858276367,"{""classifier__alpha"": 1.9726066891840947e-05, ""classifier__early_stopping"": false, ""classifier__hidden_layer_sizes"": [50, 50], ""classifier__learning_rate_init"": 0.008237189558335287}"
mlp,randomized_search,cicids2017_iot23,498.19245009997394,145.42368745803833,0.1759099960327148,"{""classifier__alpha"": 0.001026603003516424, ""classifier__early_stopping"": false, ""classifier__hidden_layer_sizes"": [100, 50], ""classifier__learning_rate_init"": 0.0013103269001464436}"
mlp,randomized_search,cicids2017_unsw_nb15,718.2151514000143,52.55031394958496,0.0789899826049804,"{""classifier__alpha"": 2.6373077790924614e-05, ""classifier__early_stopping"": true, ""classifier__hidden_layer_sizes"": [50, 50], ""classifier__learning_rate_init"": 0.003994745694560914}"
mlp,randomized_search,iot23,130.31053690001136,15.559454917907717,0.0997610092163086,"{""classifier__alpha"": 1.9726066891840947e-05, ""classifier__early_stopping"": false, ""classifier__hidden_layer_sizes"": [50, 50], ""classifier__learning_rate_init"": 0.008237189558335287}"
mlp,randomized_search,unsw_nb15,326.83941880002385,51.57114624977112,0.1978464126586914,"{""classifier__alpha"": 0.001026603003516424, ""classifier__early_stopping"": false, ""classifier__hidden_layer_sizes"": [100, 50], ""classifier__learning_rate_init"": 0.0013103269001464436}"
mlp,randomized_search,unsw_nb15_iot23,675.5030669000116,129.01825165748596,0.190155029296875,"{""classifier__alpha"": 0.001026603003516424, ""classifier__early_stopping"": false, ""classifier__hidden_layer_sizes"": [100, 50], ""classifier__learning_rate_init"": 0.0013103269001464436}"
random_forest,randomized_search,cicids2017,622.5212863999768,47.46004343032837,7.689332008361816,"{""classifier__class_weight"": ""balanced"", ""classifier__max_depth"": null, ""classifier__min_samples_leaf"": 1, ""classifier__n_estimators"": 229}"
random_forest,randomized_search,cicids2017_iot23,1343.5214622000349,119.27551674842834,6.447956085205078,"{""classifier__class_weight"": null, ""classifier__max_depth"": 30, ""classifier__min_samples_leaf"": 6, ""classifier__n_estimators"": 246}"
random_forest,randomized_search,cicids2017_unsw_nb15,1491.1834743000218,102.1895043849945,10.958267211914062,"{""classifier__class_weight"": null, ""classifier__max_depth"": 20, ""classifier__min_samples_leaf"": 3, ""classifier__n_estimators"": 168}"
random_forest,randomized_search,iot23,403.1172489000018,17.44486713409424,1.0472650527954102,"{""classifier__class_weight"": null, ""classifier__max_depth"": 20, ""classifier__min_samples_leaf"": 3, ""classifier__n_estimators"": 168}"
random_forest,randomized_search,unsw_nb15,592.863899100048,37.21853947639465,7.578540802001953,"{""classifier__class_weight"": null, ""classifier__max_depth"": 20, ""classifier__min_samples_leaf"": 3, ""classifier__n_estimators"": 168}"
random_forest,randomized_search,unsw_nb15_iot23,1134.499829999986,71.24916505813599,8.392435073852539,"{""classifier__class_weight"": null, ""classifier__max_depth"": 20, ""classifier__min_samples_leaf"": 3, ""classifier__n_estimators"": 168}"
xgboost,randomized_search,cicids2017,50.081530199968256,6.043281316757202,0.2564268112182617,"{""classifier__colsample_bytree"": 0.717772960390469, ""classifier__learning_rate"": 0.1404912558872892, ""classifier__max_depth"": 6, ""classifier__n_estimators"": 298, ""classifier__subsample"": 0.9873668590451505}"
xgboost,randomized_search,cicids2017_iot23,99.89190990000498,11.744245767593384,0.2753438949584961,"{""classifier__colsample_bytree"": 0.717772960390469, ""classifier__learning_rate"": 0.1404912558872892, ""classifier__max_depth"": 6, ""classifier__n_estimators"": 298, ""classifier__subsample"": 0.9873668590451505}"
xgboost,randomized_search,cicids2017_unsw_nb15,111.75776100001532,12.570497274398804,0.3340272903442383,"{""classifier__colsample_bytree"": 0.717772960390469, ""classifier__learning_rate"": 0.1404912558872892, ""classifier__max_depth"": 6, ""classifier__n_estimators"": 298, ""classifier__subsample"": 0.9873668590451505}"
xgboost,randomized_search,iot23,46.11937080003554,5.402304172515869,0.123422622680664,"{""classifier__colsample_bytree"": 0.7895485884259134, ""classifier__learning_rate"": 0.08380226576125108, ""classifier__max_depth"": 5, ""classifier__n_estimators"": 253, ""classifier__subsample"": 0.8343680578527715}"
xgboost,randomized_search,unsw_nb15,52.22864270000719,5.2585413455963135,0.4709835052490234,"{""classifier__colsample_bytree"": 0.9725786509279286, ""classifier__learning_rate"": 0.05898416056128349, ""classifier__max_depth"": 8, ""classifier__n_estimators"": 200, ""classifier__subsample"": 0.8574398130611336}"
xgboost,randomized_search,unsw_nb15_iot23,100.4347600999754,12.49584698677063,0.2929468154907226,"{""classifier__colsample_bytree"": 0.717772960390469, ""classifier__learning_rate"": 0.1404912558872892, ""classifier__max_depth"": 6, ""classifier__n_estimators"": 298, ""classifier__subsample"": 0.9873668590451505}"
