model,training_method,training_source,training_elapsed_seconds,params
Árvore de decisão,Com hiperparâmetros,CICIDS2017,19.66149189998396,"{""classifier__class_weight"": null, ""classifier__max_depth"": 15, ""classifier__min_samples_leaf"": 4, ""classifier__min_samples_split"": 17}"
Árvore de decisão,Com hiperparâmetros,CICIDS2017 + IoT-23,30.64259619999212,"{""classifier__class_weight"": null, ""classifier__max_depth"": 20, ""classifier__min_samples_leaf"": 10, ""classifier__min_samples_split"": 20}"
Árvore de decisão,Com hiperparâmetros,CICIDS2017 + UNSW-NB15,35.891478200035635,"{""classifier__class_weight"": null, ""classifier__max_depth"": 15, ""classifier__min_samples_leaf"": 4, ""classifier__min_samples_split"": 17}"
Árvore de decisão,Com hiperparâmetros,IoT-23,8.468512000050396,"{""classifier__class_weight"": null, ""classifier__max_depth"": 8, ""classifier__min_samples_leaf"": 3, ""classifier__min_samples_split"": 6}"
Árvore de decisão,Com hiperparâmetros,UNSW-NB15,16.897676799970213,"{""classifier__class_weight"": null, ""classifier__max_depth"": 10, ""classifier__min_samples_leaf"": 2, ""classifier__min_samples_split"": 10}"
Árvore de decisão,Com hiperparâmetros,UNSW-NB15 + IoT-23,26.691578299971297,"{""classifier__class_weight"": null, ""classifier__max_depth"": 15, ""classifier__min_samples_leaf"": 4, ""classifier__min_samples_split"": 17}"
SVM linear,Com hiperparâmetros,CICIDS2017,55.00199489999795,"{""classifier__C"": 46.00306804490304, ""classifier__class_weight"": ""balanced""}"
SVM linear,Com hiperparâmetros,CICIDS2017 + IoT-23,142.2015667000087,"{""classifier__C"": 0.4944059287398678, ""classifier__class_weight"": null}"
SVM linear,Com hiperparâmetros,CICIDS2017 + UNSW-NB15,143.87145180004882,"{""classifier__C"": 46.00306804490304, ""classifier__class_weight"": ""balanced""}"
SVM linear,Com hiperparâmetros,IoT-23,41.59652700001607,"{""classifier__C"": 0.4944059287398678, ""classifier__class_weight"": null}"
SVM linear,Com hiperparâmetros,UNSW-NB15,54.998011799994856,"{""classifier__C"": 0.4944059287398678, ""classifier__class_weight"": null}"
SVM linear,Com hiperparâmetros,UNSW-NB15 + IoT-23,102.31449540000176,"{""classifier__C"": 46.00306804490304, ""classifier__class_weight"": ""balanced""}"
MLP,Com hiperparâmetros,CICIDS2017,230.2355763000087,"{""classifier__alpha"": 1.9726066891840947e-05, ""classifier__early_stopping"": false, ""classifier__hidden_layer_sizes"": [50, 50], ""classifier__learning_rate_init"": 0.008237189558335287}"
MLP,Com hiperparâmetros,CICIDS2017 + IoT-23,498.19245009997394,"{""classifier__alpha"": 0.001026603003516424, ""classifier__early_stopping"": false, ""classifier__hidden_layer_sizes"": [100, 50], ""classifier__learning_rate_init"": 0.0013103269001464436}"
MLP,Com hiperparâmetros,CICIDS2017 + UNSW-NB15,718.2151514000143,"{""classifier__alpha"": 2.6373077790924614e-05, ""classifier__early_stopping"": true, ""classifier__hidden_layer_sizes"": [50, 50], ""classifier__learning_rate_init"": 0.003994745694560914}"
MLP,Com hiperparâmetros,IoT-23,130.31053690001136,"{""classifier__alpha"": 1.9726066891840947e-05, ""classifier__early_stopping"": false, ""classifier__hidden_layer_sizes"": [50, 50], ""classifier__learning_rate_init"": 0.008237189558335287}"
MLP,Com hiperparâmetros,UNSW-NB15,326.83941880002385,"{""classifier__alpha"": 0.001026603003516424, ""classifier__early_stopping"": false, ""classifier__hidden_layer_sizes"": [100, 50], ""classifier__learning_rate_init"": 0.0013103269001464436}"
MLP,Com hiperparâmetros,UNSW-NB15 + IoT-23,675.5030669000116,"{""classifier__alpha"": 0.001026603003516424, ""classifier__early_stopping"": false, ""classifier__hidden_layer_sizes"": [100, 50], ""classifier__learning_rate_init"": 0.0013103269001464436}"
Random Forest,Com hiperparâmetros,CICIDS2017,622.5212863999768,"{""classifier__class_weight"": ""balanced"", ""classifier__max_depth"": null, ""classifier__min_samples_leaf"": 1, ""classifier__n_estimators"": 229}"
Random Forest,Com hiperparâmetros,CICIDS2017 + IoT-23,1343.5214622000349,"{""classifier__class_weight"": null, ""classifier__max_depth"": 30, ""classifier__min_samples_leaf"": 6, ""classifier__n_estimators"": 246}"
Random Forest,Com hiperparâmetros,CICIDS2017 + UNSW-NB15,1491.1834743000218,"{""classifier__class_weight"": null, ""classifier__max_depth"": 20, ""classifier__min_samples_leaf"": 3, ""classifier__n_estimators"": 168}"
Random Forest,Com hiperparâmetros,IoT-23,403.1172489000018,"{""classifier__class_weight"": null, ""classifier__max_depth"": 20, ""classifier__min_samples_leaf"": 3, ""classifier__n_estimators"": 168}"
Random Forest,Com hiperparâmetros,UNSW-NB15,592.863899100048,"{""classifier__class_weight"": null, ""classifier__max_depth"": 20, ""classifier__min_samples_leaf"": 3, ""classifier__n_estimators"": 168}"
Random Forest,Com hiperparâmetros,UNSW-NB15 + IoT-23,1134.499829999986,"{""classifier__class_weight"": null, ""classifier__max_depth"": 20, ""classifier__min_samples_leaf"": 3, ""classifier__n_estimators"": 168}"
XGBoost,Com hiperparâmetros,CICIDS2017,50.081530199968256,"{""classifier__colsample_bytree"": 0.717772960390469, ""classifier__learning_rate"": 0.1404912558872892, ""classifier__max_depth"": 6, ""classifier__n_estimators"": 298, ""classifier__subsample"": 0.9873668590451505}"
XGBoost,Com hiperparâmetros,CICIDS2017 + IoT-23,99.89190990000498,"{""classifier__colsample_bytree"": 0.717772960390469, ""classifier__learning_rate"": 0.1404912558872892, ""classifier__max_depth"": 6, ""classifier__n_estimators"": 298, ""classifier__subsample"": 0.9873668590451505}"
XGBoost,Com hiperparâmetros,CICIDS2017 + UNSW-NB15,111.75776100001532,"{""classifier__colsample_bytree"": 0.717772960390469, ""classifier__learning_rate"": 0.1404912558872892, ""classifier__max_depth"": 6, ""classifier__n_estimators"": 298, ""classifier__subsample"": 0.9873668590451505}"
XGBoost,Com hiperparâmetros,IoT-23,46.11937080003554,"{""classifier__colsample_bytree"": 0.7895485884259134, ""classifier__learning_rate"": 0.08380226576125108, ""classifier__max_depth"": 5, ""classifier__n_estimators"": 253, ""classifier__subsample"": 0.8343680578527715}"
XGBoost,Com hiperparâmetros,UNSW-NB15,52.22864270000719,"{""classifier__colsample_bytree"": 0.9725786509279286, ""classifier__learning_rate"": 0.05898416056128349, ""classifier__max_depth"": 8, ""classifier__n_estimators"": 200, ""classifier__subsample"": 0.8574398130611336}"
XGBoost,Com hiperparâmetros,UNSW-NB15 + IoT-23,100.4347600999754,"{""classifier__colsample_bytree"": 0.717772960390469, ""classifier__learning_rate"": 0.1404912558872892, ""classifier__max_depth"": 6, ""classifier__n_estimators"": 298, ""classifier__subsample"": 0.9873668590451505}"
