model,training_source,test_source,scenario_type,f1_attack_baseline,f1_attack_randomized_search,f1_attack_delta,balanced_accuracy_baseline,balanced_accuracy_randomized_search,balanced_accuracy_delta,precision_attack_baseline,precision_attack_randomized_search,precision_attack_delta,recall_attack_baseline,recall_attack_randomized_search,recall_attack_delta,cv_f1_attack_mean_baseline,cv_f1_attack_std_baseline,cv_f1_attack_mean_randomized_search,cv_f1_attack_std_randomized_search,cv_balanced_accuracy_mean_baseline,cv_balanced_accuracy_std_baseline,cv_balanced_accuracy_mean_randomized_search,cv_balanced_accuracy_std_randomized_search,params_randomized_search
decision_tree,cicids2017,iot23,cross_dataset,0.0988377413745767,0.024779219098761,-0.0740585222758156,0.5231050284864999,0.0862707456031706,-0.4368342828833292,0.6470940683043739,0.0158364804145877,-0.6312575878897861,0.0535050780282387,0.0569234580133762,0.0034183799851374,0.9845894988998136,0.0005821079449063,0.9843224771230848,0.0007935766161495,0.9914778890453432,0.0006523443299417,0.9919768448033478,0.0003827369741515,"{""classifier__class_weight"": null, ""classifier__max_depth"": 15, ""classifier__min_samples_leaf"": 4, ""classifier__min_samples_split"": 17}"
linear_svm,cicids2017,iot23,cross_dataset,0.0441054268851341,0.3582538975501113,0.3141484706649772,0.1078090165964825,0.5524523160762943,0.4446432994798117,0.0280940812421112,0.2184000434475642,0.1903059622054529,0.1025513995541243,0.9961357443646272,0.8935843448105028,0.6630475382205531,0.0026105905316177,0.8497867370486467,0.0028127395961937,0.7619750211205344,0.0014358271356713,0.9435300367040338,0.0017335832840853,"{""classifier__C"": 46.00306804490304, ""classifier__class_weight"": ""balanced""}"
mlp,cicids2017,iot23,cross_dataset,0.3021209407115354,0.3019181420422028,-0.0002027986693326,0.4608867971265791,0.4604966559326232,-0.0003901411939558,0.1856643515366108,0.1855267785227285,-0.0001375730138822,0.8105028486499876,0.8102055982164974,-0.0002972504334901,0.9821740630205716,0.0020366669944926,0.985249356790608,0.001300411026687,0.9904613448821618,0.0024420571632529,0.9937895516747094,0.0005326087502208,"{""classifier__alpha"": 1.9726066891840947e-05, ""classifier__early_stopping"": false, ""classifier__hidden_layer_sizes"": [50, 50], ""classifier__learning_rate_init"": 0.008237189558335287}"
random_forest,cicids2017,iot23,cross_dataset,0.0026786106354015,0.0027195069797023,4.089634430081736e-05,0.064670547436215,0.0641070101560564,-0.0005635372801585,0.0017205635550791,0.0017462821090581,2.5718553978946145e-05,0.0060440921476343,0.0061431756254644,9.908347783007131e-05,0.987321354349908,0.0007439517679356,0.9875479367539788,0.0008394956927994,0.9941372332633832,0.0005656679207065,0.9944159144210574,0.0005038714803216,"{""classifier__class_weight"": ""balanced"", ""classifier__max_depth"": null, ""classifier__min_samples_leaf"": 1, ""classifier__n_estimators"": 229}"
xgboost,cicids2017,iot23,cross_dataset,0.0045769084073448,0.0083212566032443,0.0037443481958995,0.0632276442903145,0.4952873420857072,0.4320596977953926,0.0029337803855825,0.0737976782752902,0.0708638978897076,0.0104037651721575,0.0044092147634381,-0.0059945504087193,0.986822190257849,0.0008259366087684,0.9869581991995068,0.0009617908924484,0.994041699399629,0.0006687554096504,0.9941000918693492,0.0007830372193995,"{""classifier__colsample_bytree"": 0.717772960390469, ""classifier__learning_rate"": 0.1404912558872892, ""classifier__max_depth"": 6, ""classifier__n_estimators"": 298, ""classifier__subsample"": 0.9873668590451505}"
decision_tree,cicids2017,unsw_nb15,cross_dataset,0.0052207769223962,0.0010647264983807,-0.0041560504240155,0.4868590537527867,0.4857815209313847,-0.0010775328214019,0.0244104261481175,0.0050933786078098,-0.0193170475403076,0.0029229625959871,0.0005945008669804,-0.0023284617290066,0.9845894988998136,0.0005821079449063,0.9843224771230848,0.0007935766161495,0.9914778890453432,0.0006523443299417,0.9919768448033478,0.0003827369741515,"{""classifier__class_weight"": null, ""classifier__max_depth"": 15, ""classifier__min_samples_leaf"": 4, ""classifier__min_samples_split"": 17}"
linear_svm,cicids2017,unsw_nb15,cross_dataset,0.0035969474554027,0.0032769505084092,-0.0003199969469934,0.4987428783750309,0.4975476839237057,-0.0011951944513252,0.095360824742268,0.0600706713780918,-0.0352901533641761,0.0018330443398563,0.0016844191231112,-0.0001486252167451,0.6630475382205531,0.0026105905316177,0.8497867370486467,0.0028127395961937,0.7619750211205344,0.0014358271356713,0.9435300367040338,0.0017335832840853,"{""classifier__C"": 46.00306804490304, ""classifier__class_weight"": ""balanced""}"
mlp,cicids2017,unsw_nb15,cross_dataset,0.0015789993091878,0.0020544929804823,0.0004754936712945,0.4999938072826356,0.49905251424325,-0.0009412930393856,0.1975308641975308,0.0813953488372093,-0.1161355153603215,0.0007926678226405,0.0010403765172157,0.0002477086945751,0.9821740630205716,0.0020366669944926,0.985249356790608,0.001300411026687,0.9904613448821618,0.0024420571632529,0.9937895516747094,0.0005326087502208,"{""classifier__alpha"": 1.9726066891840947e-05, ""classifier__early_stopping"": false, ""classifier__hidden_layer_sizes"": [50, 50], ""classifier__learning_rate_init"": 0.008237189558335287}"
random_forest,cicids2017,unsw_nb15,cross_dataset,0.0,0.0,0.0,0.4999133019568987,0.4999690364131781,5.573445627937712e-05,0.0,0.0,0.0,0.0,0.0,0.0,0.987321354349908,0.0007439517679356,0.9875479367539788,0.0008394956927994,0.9941372332633832,0.0005656679207065,0.9944159144210574,0.0005038714803216,"{""classifier__class_weight"": ""balanced"", ""classifier__max_depth"": null, ""classifier__min_samples_leaf"": 1, ""classifier__n_estimators"": 229}"
xgboost,cicids2017,unsw_nb15,cross_dataset,0.0,0.0,0.0,0.499820411196433,0.4998637602179837,4.334902155067599e-05,0.0,0.0,0.0,0.0,0.0,0.0,0.986822190257849,0.0008259366087684,0.9869581991995068,0.0009617908924484,0.994041699399629,0.0006687554096504,0.9941000918693492,0.0007830372193995,"{""classifier__colsample_bytree"": 0.717772960390469, ""classifier__learning_rate"": 0.1404912558872892, ""classifier__max_depth"": 6, ""classifier__n_estimators"": 298, ""classifier__subsample"": 0.9873668590451505}"
decision_tree,iot23,cicids2017,cross_dataset,0.5505066497783407,0.0250450090018003,-0.5254616407765403,0.7133019568986871,0.4799046321525885,-0.2333973247460986,0.5889560160352323,0.065072765072765,-0.5238832509624672,0.5167698786227397,0.0155065642804062,-0.5012633143423335,0.9962531261689088,0.0004991118813347,0.9963575159451146,0.0005326206984637,0.996685096447338,0.0004566266272152,0.996544433764823,0.0004919064682008,"{""classifier__class_weight"": null, ""classifier__max_depth"": 8, ""classifier__min_samples_leaf"": 3, ""classifier__min_samples_split"": 6}"
linear_svm,iot23,cicids2017,cross_dataset,0.0871199308452662,0.0745736583485884,-0.0125462724966777,0.4961171662125341,0.4681260837255387,-0.0279910824869953,0.1804733727810651,0.1060080350620891,-0.0744653377189759,0.0574188754025266,0.0575179588803567,9.9083477830067e-05,0.9932213186854176,0.0006465326766494,0.993094539452964,0.0009119242108591,0.9948936260720592,0.0005742621717411,0.9948538165209524,0.0006283975410826,"{""classifier__C"": 0.4944059287398678, ""classifier__class_weight"": null}"
mlp,iot23,cicids2017,cross_dataset,0.0227907789032483,0.0,-0.0227907789032483,0.4912434976467674,0.4917822640574684,0.000538766410701,0.0959911732254505,0.0,-0.0959911732254505,0.0129303938568243,0.0,-0.0129303938568243,0.995341626291691,0.000661159387754,0.9959508802918198,0.0006731554151834,0.9955836779440452,0.0006159008008524,0.996117122294834,0.0005654758650502,"{""classifier__alpha"": 1.9726066891840947e-05, ""classifier__early_stopping"": false, ""classifier__hidden_layer_sizes"": [50, 50], ""classifier__learning_rate_init"": 0.008237189558335287}"
random_forest,iot23,cicids2017,cross_dataset,0.2744778321298237,0.2814497330626362,0.0069719009328125,0.5749442655437206,0.5761828090165965,0.0012385434728758,0.6343082720258388,0.5836581942928427,-0.0506500777329961,0.1751300470646519,0.1854347287589794,0.0103046816943274,0.9963802637685522,0.0004486526075967,0.9965382492916068,0.0004814869118883,0.9967089808114028,0.0004847426217494,0.9966214002071878,0.0004640607344151,"{""classifier__class_weight"": null, ""classifier__max_depth"": 20, ""classifier__min_samples_leaf"": 3, ""classifier__n_estimators"": 168}"
xgboost,iot23,cicids2017,cross_dataset,0.5103318185715511,0.4853252647503782,-0.0250065538211728,0.6847659152836265,0.6686586574188753,-0.0161072578647512,0.6030802485814645,0.6233968130586863,0.0203165644772218,0.4423086450334407,0.397324746098588,-0.0449838989348526,0.9964639362207022,0.0005400698371662,0.9965172575479746,0.0004567023520838,0.9966028208106408,0.000494521899414,0.99663997826544,0.0004439543865777,"{""classifier__colsample_bytree"": 0.7895485884259134, ""classifier__learning_rate"": 0.08380226576125108, ""classifier__max_depth"": 5, ""classifier__n_estimators"": 253, ""classifier__subsample"": 0.8343680578527715}"
decision_tree,iot23,unsw_nb15,cross_dataset,0.1740007500032327,0.1745246360292212,0.0005238860259884,0.3544216001981669,0.355499133019569,0.001077532821402,0.1177294043536081,0.1181535979234991,0.0004241935698909,0.3333168194203617,0.3337626950705969,0.0004458756502352,0.9962531261689088,0.0004991118813347,0.9963575159451146,0.0005326206984637,0.996685096447338,0.0004566266272152,0.996544433764823,0.0004919064682008,"{""classifier__class_weight"": null, ""classifier__max_depth"": 8, ""classifier__min_samples_leaf"": 3, ""classifier__min_samples_split"": 6}"
linear_svm,iot23,unsw_nb15,cross_dataset,0.0891014346841178,0.0891815931876337,8.015850351590637e-05,0.5102613326727768,0.5102861035422344,2.477086945751328e-05,0.2907199562003832,0.2909140667761357,0.0001941105757524,0.0526133267277681,0.0526628684666831,4.9541738915033495e-05,0.9932213186854176,0.0006465326766494,0.993094539452964,0.0009119242108591,0.9948936260720592,0.0005742621717411,0.9948538165209524,0.0006283975410826,"{""classifier__C"": 0.4944059287398678, ""classifier__class_weight"": null}"
mlp,iot23,unsw_nb15,cross_dataset,0.1193353474320241,0.0128862205300922,-0.1064491269019319,0.4926802080753034,0.5022169928164478,0.0095367847411443,0.1769747735463134,0.4370860927152318,0.2601113191689184,0.0900173396086202,0.0065395095367847,-0.0834778300718355,0.995341626291691,0.000661159387754,0.9959508802918198,0.0006731554151834,0.9955836779440452,0.0006159008008524,0.996117122294834,0.0005654758650502,"{""classifier__alpha"": 1.9726066891840947e-05, ""classifier__early_stopping"": false, ""classifier__hidden_layer_sizes"": [50, 50], ""classifier__learning_rate_init"": 0.008237189558335287}"
random_forest,iot23,unsw_nb15,cross_dataset,0.1776967630023814,0.1213071895424836,-0.0563895734598977,0.5079390636611345,0.525978449343572,0.0180393856824374,0.2185420885160544,0.5034358047016275,0.2848937161855731,0.1497151350012385,0.06896210056973,-0.0807530344315085,0.9963802637685522,0.0004486526075967,0.9965382492916068,0.0004814869118883,0.9967089808114028,0.0004847426217494,0.9966214002071878,0.0004640607344151,"{""classifier__class_weight"": null, ""classifier__max_depth"": 20, ""classifier__min_samples_leaf"": 3, ""classifier__n_estimators"": 168}"
xgboost,iot23,unsw_nb15,cross_dataset,0.2525264883646952,0.2089980201624832,-0.0435284682022119,0.5316943274708943,0.4950582115432251,-0.0366361159276691,0.2494923121554975,0.1932822628167354,-0.0562100493387621,0.2556353728015853,0.2274956650978449,-0.0281397077037403,0.9964639362207022,0.0005400698371662,0.9965172575479746,0.0004567023520838,0.9966028208106408,0.000494521899414,0.99663997826544,0.0004439543865777,"{""classifier__colsample_bytree"": 0.7895485884259134, ""classifier__learning_rate"": 0.08380226576125108, ""classifier__max_depth"": 5, ""classifier__n_estimators"": 253, ""classifier__subsample"": 0.8343680578527715}"
decision_tree,unsw_nb15,cicids2017,cross_dataset,0.0560703188422025,0.1006464150281372,0.0445760961859347,0.2445751795888035,0.281576665840971,0.0370014862521674,0.0390745400987105,0.0691631426663699,0.0300886025676593,0.0992321030468169,0.1847411444141689,0.085509041367352,0.9535441906812714,0.0013832684134864,0.9680037653643212,0.0009941696790285,0.9719282471367996,0.0012672687867985,0.9897819463477256,0.0005002442405158,"{""classifier__class_weight"": null, ""classifier__max_depth"": 10, ""classifier__min_samples_leaf"": 2, ""classifier__min_samples_split"": 10}"
linear_svm,unsw_nb15,cicids2017,cross_dataset,0.550659048481077,0.5501729114864672,-0.0004861369946098,0.7074622244240774,0.7063475352984889,-0.0011146891255884,0.6417034741907839,0.6501621183463928,0.0084586441556089,0.4822392865989596,0.4768392370572207,-0.0054000495417389,0.8808557303319718,0.0028837666485939,0.8793740057846199,0.0025375063185115,0.908371825236316,0.0025878232877756,0.9071058739157368,0.002210608845182,"{""classifier__C"": 0.4944059287398678, ""classifier__class_weight"": null}"
mlp,unsw_nb15,cicids2017,cross_dataset,0.4504746425458742,0.3329930549744791,-0.1174815875713951,0.658174386920981,0.5630108991825613,-0.0951634877384196,0.4294054248248607,0.251427849380844,-0.1779775754440167,0.4737181075055734,0.4928907604656923,0.0191726529601188,0.9672700886576197,0.0007804125248573,0.9670369339996612,0.0012469395302304,0.9902331336595804,0.0004785290994155,0.9899995807566622,0.000650997889732,"{""classifier__alpha"": 0.001026603003516424, ""classifier__early_stopping"": false, ""classifier__hidden_layer_sizes"": [100, 50], ""classifier__learning_rate_init"": 0.0013103269001464436}"
random_forest,unsw_nb15,cicids2017,cross_dataset,0.0768252973236518,0.1307491813139076,0.0539238839902558,0.337664107010156,0.3131347535298489,-0.0245293534803071,0.059231017076576,0.0895295625114406,0.0302985454348645,0.1092890760465692,0.2423086450334406,0.1330195689868714,0.966676985201598,0.0010525709421418,0.9694486416983406,0.0009275811300626,0.9864033616977144,0.0006620001053771,0.9908117030938473,0.0004089657665265,"{""classifier__class_weight"": null, ""classifier__max_depth"": 20, ""classifier__min_samples_leaf"": 3, ""classifier__n_estimators"": 168}"
xgboost,unsw_nb15,cicids2017,cross_dataset,0.0953766747199648,0.089518826194843,-0.0058578485251218,0.2814404260589547,0.2685657666584097,-0.0128746594005449,0.0659666179290963,0.0615005466303481,-0.0044660712987481,0.1721080009908348,0.1644290314590042,-0.0076789695318305,0.9696078677252814,0.0005389356161,0.9698406790267547,0.0005273362225217,0.9908462036621924,0.0002742085707024,0.9914380543600242,0.0001130373810996,"{""classifier__colsample_bytree"": 0.9725786509279286, ""classifier__learning_rate"": 0.05898416056128349, ""classifier__max_depth"": 8, ""classifier__n_estimators"": 200, ""classifier__subsample"": 0.8574398130611336}"
decision_tree,unsw_nb15,iot23,cross_dataset,0.0239685969746832,0.021776617234074,-0.0021919797406092,0.0377012633143423,0.0307468417141441,-0.0069544216001981,0.0149819695899475,0.0135916359163591,-0.0013903336735884,0.0598959623482784,0.0547436215011146,-0.0051523408471637,0.9535441906812714,0.0013832684134864,0.9680037653643212,0.0009941696790285,0.9719282471367996,0.0012672687867985,0.9897819463477256,0.0005002442405158,"{""classifier__class_weight"": null, ""classifier__max_depth"": 10, ""classifier__min_samples_leaf"": 2, ""classifier__min_samples_split"": 10}"
linear_svm,unsw_nb15,iot23,cross_dataset,0.0133137452942796,0.0140057296166613,0.0006919843223816,0.494599950458261,0.4935843448105028,-0.0010156056477582,0.0907952410770194,0.0852713178294573,-0.005523923247562,0.0071835521426802,0.0076294277929155,0.0004458756502353,0.8808557303319718,0.0028837666485939,0.8793740057846199,0.0025375063185115,0.908371825236316,0.0025878232877756,0.9071058739157368,0.002210608845182,"{""classifier__C"": 0.4944059287398678, ""classifier__class_weight"": null}"
mlp,unsw_nb15,iot23,cross_dataset,0.0095982064665288,0.004849933225557,-0.0047482732409718,0.4524585087936587,0.4509289076046569,-0.0015296011890017,0.0163836402774455,0.0083444189140162,-0.0080392213634293,0.0067872182313599,0.0034183799851374,-0.0033688382462224,0.9672700886576197,0.0007804125248573,0.9670369339996612,0.0012469395302304,0.9902331336595804,0.0004785290994155,0.9899995807566622,0.000650997889732,"{""classifier__alpha"": 0.001026603003516424, ""classifier__early_stopping"": false, ""classifier__hidden_layer_sizes"": [100, 50], ""classifier__learning_rate_init"": 0.0013103269001464436}"
random_forest,unsw_nb15,iot23,cross_dataset,0.0237377342609659,0.0049624060150375,-0.0187753282459283,0.0782511766162992,0.0556106019321278,-0.0226405746841714,0.0151206667209599,0.0031680724130837,-0.0119525943078761,0.05518949715135,0.0114441416893732,-0.0437453554619767,0.966676985201598,0.0010525709421418,0.9694486416983406,0.0009275811300626,0.9864033616977144,0.0006620001053771,0.9908117030938473,0.0004089657665265,"{""classifier__class_weight"": null, ""classifier__max_depth"": 20, ""classifier__min_samples_leaf"": 3, ""classifier__n_estimators"": 168}"
xgboost,unsw_nb15,iot23,cross_dataset,0.0048532791704527,0.0045733671146991,-0.0002799120557535,0.0527309883576913,0.0547560069358434,0.002025018578152,0.0030943293347873,0.0029192878582295,-0.0001750414765578,0.0112459747337131,0.0105523903889026,-0.0006935843448105,0.9696078677252814,0.0005389356161,0.9698406790267547,0.0005273362225217,0.9908462036621924,0.0002742085707024,0.9914380543600242,0.0001130373810996,"{""classifier__colsample_bytree"": 0.9725786509279286, ""classifier__learning_rate"": 0.05898416056128349, ""classifier__max_depth"": 8, ""classifier__n_estimators"": 200, ""classifier__subsample"": 0.8574398130611336}"
