model,training_source,test_source,scenario_type,accuracy_baseline,accuracy_randomized_search,accuracy_delta,balanced_accuracy_baseline,balanced_accuracy_randomized_search,balanced_accuracy_delta,precision_attack_baseline,precision_attack_randomized_search,precision_attack_delta,recall_attack_baseline,recall_attack_randomized_search,recall_attack_delta,f1_attack_baseline,f1_attack_randomized_search,f1_attack_delta,precision_benign_baseline,precision_benign_randomized_search,precision_benign_delta,recall_benign_baseline,recall_benign_randomized_search,recall_benign_delta,f1_benign_baseline,f1_benign_randomized_search,f1_benign_delta,f1_macro_baseline,f1_macro_randomized_search,f1_macro_delta,cv_accuracy_mean_baseline,cv_accuracy_std_baseline,cv_accuracy_mean_randomized_search,cv_accuracy_std_randomized_search,cv_balanced_accuracy_mean_baseline,cv_balanced_accuracy_std_baseline,cv_balanced_accuracy_mean_randomized_search,cv_balanced_accuracy_std_randomized_search,cv_precision_attack_mean_baseline,cv_precision_attack_std_baseline,cv_precision_attack_mean_randomized_search,cv_precision_attack_std_randomized_search,cv_recall_attack_mean_baseline,cv_recall_attack_std_baseline,cv_recall_attack_mean_randomized_search,cv_recall_attack_std_randomized_search,cv_f1_attack_mean_baseline,cv_f1_attack_std_baseline,cv_f1_attack_mean_randomized_search,cv_f1_attack_std_randomized_search,cv_precision_benign_mean_baseline,cv_precision_benign_std_baseline,cv_precision_benign_mean_randomized_search,cv_precision_benign_std_randomized_search,cv_recall_benign_mean_baseline,cv_recall_benign_std_baseline,cv_recall_benign_mean_randomized_search,cv_recall_benign_std_randomized_search,cv_f1_benign_mean_baseline,cv_f1_benign_std_baseline,cv_f1_benign_mean_randomized_search,cv_f1_benign_std_randomized_search,cv_f1_macro_mean_baseline,cv_f1_macro_std_baseline,cv_f1_macro_mean_randomized_search,cv_f1_macro_std_randomized_search,training_elapsed_seconds_baseline,training_elapsed_seconds_randomized_search,prediction_time_seconds_baseline,prediction_time_seconds_randomized_search,params_randomized_search
Árvore de decisão,CICIDS2017,CICIDS2017,Intra-dataset,0.9940549913301956,0.9935793906366114,-0.0004756006935843,0.9921228635125092,0.992104285360416,-1.8578152093162718e-05,0.9815115307075774,0.9784962037717364,-0.0030153269358408,0.988902650483032,0.9896457765667576,0.0007431260837255,0.9851932283697744,0.984039408866995,-0.0011538195027793,0.997220429840671,0.9974040491864364,0.00018361934576538452,0.9953430765419866,0.9945627941540748,-0.0007802823879118348,0.9962808687890508,0.9959813953488372,-0.00029947344021352684,0.9907370485794128,0.990010402107916,-0.0007266464714965,0.9938171472249352,0.0002319673919698,0.99369824621003,0.0003240695405892,0.9914778890453432,0.0006523443299417,0.9919768448033478,0.0003827369741515,0.9816211078216464,0.0012576620738391,0.9795858498668094,0.00176622346329,0.987579115168802,0.0014995926646033,0.989107836195935,0.0008612277242228,0.9845894988998136,0.0005821079449063,0.9843224771230848,0.0007935766161495,0.9968902714693636,0.0003735936529981,0.997270408624624,0.0002148061279573,0.995376662921884,0.0003269323549288,0.9948458534107604,0.0004570525530453,0.9961327895982028,0.00014486769782,0.9960565688922574,0.0002035998966486,0.9903611442490085,0.0003634372352942,0.9901895230076712,0.0004985718665392,6.396217699977569,19.66149189998396,0.025293499988038,0.0233183999662287,"{""classifier__class_weight"": null, ""classifier__max_depth"": 15, ""classifier__min_samples_leaf"": 4, ""classifier__min_samples_split"": 17}"
SVM linear,CICIDS2017,CICIDS2017,Intra-dataset,0.8881347535298489,0.9315035917760712,0.0433688382462223,0.7631966807034927,0.9428288332920486,0.1796321525885559,0.8292249611370197,0.7597056981840952,-0.0695192629529245,0.5549665593262324,0.9617042358186773,0.4067376764924448,0.6649255060248115,0.8488532260533047,0.1839277200284932,0.8972384918092797,0.9897443381582264,0.09250584634894665,0.971426802080753,0.92395343076542,-0.047473371315333024,0.9328599633673492,0.9557179735191816,0.02285801015183242,0.7988927346960804,0.9022855997862432,0.1033928650901627,0.8877064843517772,0.0009117942174294,0.9319164295723812,0.001340672900795,0.7619750211205344,0.0014358271356713,0.9435300367040338,0.0017335832840853,0.8290974435577537,0.0046599423601755,0.7604659312122427,0.0031449040635208,0.5524225956974982,0.0027464664926407,0.9628860173083768,0.0025280713750798,0.6630475382205531,0.0026105905316177,0.8497867370486467,0.0028127395961937,0.8967216386545701,0.0005731320152286,0.9900598202822956,0.0006796392239815,0.9715274465435708,0.0009285003049421,0.9241740560996906,0.0011561877098313,0.9326266371243016,0.0005596438156078,0.9559828997503054,0.000879672134702,0.7978370876724273,0.001565047172316,0.902884818399476,0.001845403854459,14.703876900079194,55.00199489999795,0.0242375999805517,0.0194761999882757,"{""classifier__C"": 46.00306804490304, ""classifier__class_weight"": ""balanced""}"
MLP,CICIDS2017,CICIDS2017,Intra-dataset,0.9936784741144414,0.9939063661134506,0.0002278919990091,0.9929093386177856,0.993702006440426,0.0007926678226405,0.9771051989260434,0.9765731541009156,-0.0005320448251278,0.991627446123359,0.9933614069853852,0.0017339608620262,0.984312761249078,0.9848957437925192,0.0005829825434411,0.9978990551964196,0.998333188212904,0.0004341330164843171,0.994191231112212,0.9940426058954668,-0.0001486252167451907,0.996041692517682,0.9961832771685502,0.00014158465086810956,0.99017722688338,0.9905395104805346,0.0003622835971546,0.9928404603167864,0.0007985612296346,0.9940507027899276,0.0005301112245726,0.9904613448821618,0.0024420571632529,0.9937895516747094,0.0005326087502208,0.977916406480405,0.0025772216003857,0.977278074425701,0.0022745200751416,0.9864961796287892,0.0053276532992321,0.9933542965172488,0.0007523391592304,0.9821740630205716,0.0020366669944926,0.985249356790608,0.001300411026687,0.9966190261778338,0.0013280533728771,0.998331714206181,0.0001888421656288,0.994426510135534,0.0006878430288385,0.99422480683217,0.0005905204948274,0.9955206869049088,0.0004966128670456,0.9962739454447306,0.0003329019088051,0.98884737496274,0.0012665434650533,0.9907616511176692,0.0008166509742644,83.29120260005584,230.2355763000087,0.0518512999988161,0.0579266999848187,"{""classifier__alpha"": 1.9726066891840947e-05, ""classifier__early_stopping"": false, ""classifier__hidden_layer_sizes"": [50, 50], ""classifier__learning_rate_init"": 0.008237189558335287}"
Random Forest,CICIDS2017,CICIDS2017,Intra-dataset,0.9948476591528362,0.9948179341094872,-2.9725043348971525e-05,0.9943088927421352,0.9943088927421352,0.0,0.9810656098634962,0.980874584230092,-0.0001910256334042,0.9934109487243002,0.9934604904632152,4.954173891502656e-05,0.987199684915321,0.9871274213000566,-7.226361526435632e-05,0.998347538702383,0.9983598613337308,1.2322631347760904e-05,0.9952068367599702,0.9951572950210552,-4.9541738915026556e-05,0.9967747137558458,0.9967560057312632,-1.870802458259213e-05,0.9919871993355832,0.99194171351566,-4.54858199233632e-05,0.9948999957535352,0.0003000901905653,0.994989171514714,0.0003402475794982,0.9941372332633832,0.0005656679207065,0.9944159144210574,0.0005038714803216,0.981840826460732,0.0014399183414948,0.9817079436521996,0.0016789299031974,0.9928659557667804,0.0012295213439836,0.9934604739167276,0.0010690246661888,0.987321354349908,0.0007439517679356,0.9875479367539788,0.0008394956927994,0.9982116026615598,0.0003074817203648,0.9983603110529576,0.0002673523746854,0.9954085107599864,0.0003726942478845,0.9953713549253872,0.0004340171224058,0.9968080043570634,0.0001879622156583,0.9968635075745306,0.0002133658101446,0.9920646793534856,0.0004659365234952,0.9922057221642548,0.0005264154165479,49.53146780002862,622.5212863999768,0.4426905000000261,1.0433354999986475,"{""classifier__class_weight"": ""balanced"", ""classifier__max_depth"": null, ""classifier__min_samples_leaf"": 1, ""classifier__n_estimators"": 229}"
XGBoost,CICIDS2017,CICIDS2017,Intra-dataset,0.994580133762695,0.994570225414912,-9.908347783027516e-06,0.9943460490463216,0.9942098092643052,-0.0001362397820163,0.9792561499414292,0.9795360195360197,0.0002798695945903,0.9939559078523656,0.9936091156799604,-0.0003467921724052,0.9865512748014652,0.9865223807181506,-2.889408331474552e-05,0.998483285055385,0.9983965195773772,-8.676547800778867e-05,0.9947361902402776,0.99481050284865,7.431260837242881e-05,0.9966062155270292,0.9966002853775048,-5.930149524435713e-06,0.9915787451642472,0.9915613330478276,-1.7412116419590618e-05,0.9946961654422692,0.0003320398794398,0.9947513694849036,0.0003855640396727,0.994041699399629,0.0006687554096504,0.9941000918693492,0.0007830372193995,0.9807706616405474,0.0012225696831091,0.9809770052977737,0.0011326319983315,0.9929509085060712,0.0013669045722722,0.9930146117900104,0.001540241207711,0.986822190257849,0.0008259366087684,0.9869581991995068,0.0009617908924484,0.998232364889624,0.000341934062958,0.9982484133939956,0.0003854677550158,0.9951324902931872,0.0003169712296415,0.9951855719486886,0.0002919714482023,0.9966799515621922,0.0002077967126406,0.9967145808463986,0.0002411158291128,0.9917510709100206,0.0005168485597453,0.9918363900229528,0.0006014413608839,4.028532100026496,50.081530199968256,0.2064616000279784,0.4006203000317327,"{""classifier__colsample_bytree"": 0.717772960390469, ""classifier__learning_rate"": 0.1404912558872892, ""classifier__max_depth"": 6, ""classifier__n_estimators"": 298, ""classifier__subsample"": 0.9873668590451505}"
Árvore de decisão,IoT-23,IoT-23,Intra-dataset,0.99868218974486,0.9988209066138222,0.0001387168689621,0.9972070844686648,0.997163735447114,-4.3349021550787015e-05,0.9986571172784244,0.9997011654547264,0.0010440481763022,0.9947485756750062,0.9944017835026008,-0.0003467921724052,0.9966990146682884,0.997044432853985,0.0003454181856967,0.998688427226271,0.9986022981681448,-8.612905812621641e-05,0.9996655932623236,0.9999256873916276,0.00026009412930394493,0.9991767713343112,0.9992635546176364,8.678328332523133e-05,0.9979378930012998,0.9981539937358106,0.0002161007345108,0.9985052443840502,0.000198542099071,0.9985477090322308,0.0002117279011816,0.996685096447338,0.0004566266272152,0.996544433764823,0.0004919064682008,0.9988687451921155,0.0002200543221661,0.9995298547736536,0.0001737227669062,0.9936515206535824,0.0008918542992922,0.9932056450022304,0.0009614123406828,0.9962531261689088,0.0004991118813347,0.9963575159451146,0.0005326206984637,0.9984149994709968,0.000222329219168,0.998304149664931,0.0002395744455657,0.9997186722410932,5.464706155504448e-05,0.9998832225274156,4.312241944215377e-05,0.999066399660897,0.0001239174067376,0.999093049914742,0.0001321248751631,0.9976597629149032,0.0003115145898361,0.997725282929928,0.0003323727557831,3.376986799994484,8.468512000050396,0.0268387999967671,0.0258526999969035,"{""classifier__class_weight"": null, ""classifier__max_depth"": 8, ""classifier__min_samples_leaf"": 3, ""classifier__min_samples_split"": 6}"
SVM linear,IoT-23,IoT-23,Intra-dataset,0.997255387664107,0.997245479316324,-9.908347783027516e-06,0.9950520188258608,0.9950458261084963,-6.192717364239542e-06,0.9948791886248384,0.994829729057917,-4.9459566921372655e-05,0.9913797374287836,0.9913797374287836,0.0,0.9931263803072036,0.9931017369727048,-2.4643334498919423e-05,0.9978468277833464,0.997846801138473,-2.664487341874633e-08,0.9987243002229378,0.9987119147882092,-1.2385434728590106e-05,0.998285371183094,0.998279170535438,-6.20064765599615e-06,0.9957058757451488,0.9956904537540714,-1.5421991077402275e-05,0.9972950019109093,0.0002567619254801,0.9972440443330928,0.0003636620504651,0.9948936260720592,0.0005742621717411,0.9948538165209524,0.0006283975410826,0.9955628841712706,0.0004076596019684,0.9953294542191452,0.0009461384669304,0.9908913320390258,0.0011182922915844,0.9908701006165204,0.0011073479254609,0.9932213186854176,0.0006465326766494,0.993094539452964,0.0009119242108591,0.9977255720384572,0.0002786474194969,0.9977201179131432,0.0002761912723505,0.9988959201050928,0.0001015393077283,0.9988375324253846,0.0002358241916319,0.9983103846542394,0.0001601886822566,0.998278498067626,0.000227116766584,0.9957658516698285,0.000403360183616,0.995686518760295,0.0005695196657471,7.349615300016012,41.59652700001607,0.0290212000254541,0.0259048999869264,"{""classifier__C"": 0.4944059287398678, ""classifier__class_weight"": null}"
MLP,IoT-23,IoT-23,Intra-dataset,0.9983651226158038,0.9981471389645776,-0.0002179836512261,0.9960056972999752,0.9954235818677236,-0.0005821154322517,0.9997503744383424,0.9998500299940012,9.965555565871752e-05,0.9920733217735944,0.9908843200396332,-0.0011890017339609,0.9958970533383066,0.9953469854935432,-0.0005500678447635,0.9980221274491624,0.9977261773828796,-0.00029595006628280185,0.9999380728263562,0.9999628436958136,2.4770869457402256e-05,0.9989791814891577,0.9988432584234912,-0.0001359230656664545,0.997438117413732,0.9970951219585172,-0.0003429954552149,0.9981442948745172,0.0002626636730933,0.9983863433691452,0.0002675609835156,0.9955836779440452,0.0006159008008524,0.996117122294834,0.0005654758650502,0.9994012970563008,0.0006908909730606,0.9995934544088876,0.0003204719520169,0.99131598303019,0.0012514551521444,0.992335098072762,0.001064840902328,0.995341626291691,0.000661159387754,0.9959508802918198,0.0006731554151834,0.997833483263618,0.0003114599431609,0.9980873103185512,0.0002652415532155,0.9998513728579008,0.0001716756111872,0.9998991465169056,7.944334433670224e-05,0.998841372379106,0.0001638863168047,0.9989923963471916,0.0001669616049954,0.9970914993353984,0.0004125215040421,0.9974716383195056,0.0004200584378523,28.232198599958792,130.31053690001136,0.052493100054562,0.092537899967283,"{""classifier__alpha"": 1.9726066891840947e-05, ""classifier__early_stopping"": false, ""classifier__hidden_layer_sizes"": [50, 50], ""classifier__learning_rate_init"": 0.008237189558335287}"
Random Forest,IoT-23,IoT-23,Intra-dataset,0.998662373049294,0.998840723309388,0.000178350260094,0.9971761208818428,0.9972318553381224,5.573445627937712e-05,0.9986073808813288,0.999651429140524,0.0010440482591949,0.9946990339360912,0.994550408719346,-0.000148625216745,0.9966493757911196,0.9970943949139494,0.0004450191228297,0.998676053898217,0.9986393379760772,-3.671592213982944e-05,0.9996532078275948,0.9999133019568986,0.0002600941293038339,0.99916439195588,0.9992759139265888,0.00011152197070873893,0.9979068838734996,0.9981851544202692,0.0002782705467694,0.9985562019618668,0.0001781491949841,0.9986198989341372,0.000191326686077,0.9967089808114028,0.0004847426217494,0.9966214002071878,0.0004640607344151,0.999146169323308,0.0002232420370582,0.9998076556316532,0.0001569709184572,0.9936302847228656,0.001000519575319,0.9932905729463574,0.0009216894539785,0.9963802637685522,0.0004486526075967,0.9965382492916068,0.0004814869118883,0.9984098417398916,0.0002492781762676,0.9983254276443267,0.0002296233203692,0.99978767689994,5.56708041496084e-05,0.999952227468018,3.9005917322786535e-05,0.9990982639354196,0.0001111395266536,0.9991381524191428,0.0001193823156714,0.997739263851986,0.000279895939817,0.9978382008553748,0.0003004345558457,26.33050340000773,403.1172489000018,0.5807529000448994,0.8081812000018544,"{""classifier__class_weight"": null, ""classifier__max_depth"": 20, ""classifier__min_samples_leaf"": 3, ""classifier__n_estimators"": 168}"
XGBoost,IoT-23,IoT-23,Intra-dataset,0.9988506316571713,0.9988308149616052,-1.981669556594401e-05,0.9972380480554868,0.9972070844686648,-3.096358682186384e-05,0.9997012100990986,0.9996514117822818,-4.979831681684033e-05,0.994550408719346,0.994500866980431,-4.954173891502656e-05,0.997119157601947,0.9970694879054288,-4.9669696518095385e-05,0.9986393548067884,0.998626985305032,-1.236950175642626e-05,0.9999256873916276,0.9999133019568986,-1.2385434728923173e-05,0.9992821071393208,0.9992697296762056,-1.2377463115109677e-05,0.9982006323706338,0.9981696087908172,-3.102357981665804e-05,0.9985901736804113,0.0002146880913799,0.9986114060045012,0.0001814587508533,0.9966028208106408,0.000494521899414,0.99663997826544,0.0004439543865777,0.9996580234765492,0.0001571954462602,0.999700831637568,7.996265128806714e-05,0.9932905706922516,0.0009623850230281,0.9933542694679792,0.0008822050893679,0.9964639362207022,0.0005400698371662,0.9965172575479746,0.0004567023520838,0.9983253654482546,0.0002398011796135,0.9983412513440588,0.0002197972899517,0.9999150709290294,3.9006070703049046e-05,0.9999256870629007,1.9860214847363742e-05,0.9991195741980728,0.000133971990484,0.9991328294481834,0.0001132219414746,0.9977917552093876,0.0003370208875054,0.997825043498079,0.0002849621345,3.484701400040649,46.11937080003554,0.1734950999962166,0.4572549000149593,"{""classifier__colsample_bytree"": 0.7895485884259134, ""classifier__learning_rate"": 0.08380226576125108, ""classifier__max_depth"": 5, ""classifier__n_estimators"": 253, ""classifier__subsample"": 0.8343680578527715}"
Árvore de decisão,UNSW-NB15,UNSW-NB15,Intra-dataset,0.9815308397324746,0.9864850136239782,0.0049541738915036,0.9722380480554867,0.9897324746098588,0.017494426554372,0.9511894793872828,0.9407109071324872,-0.0104785722547954,0.9567500619271736,0.9951449095863264,0.0383948476591529,0.9539616676546138,0.967162598102942,0.0132009304483281,0.9891716901093994,0.9987684109988438,0.00959672088944441,0.9877260341838,0.9843200396333912,-0.0034059945504087974,0.9884483335605656,0.9914915913967765,0.0030432578362108442,0.9712050006075896,0.9793270947498592,0.0081220941422693,0.9813665123784449,0.0005377439761612,0.9868486984585332,0.0004157633878058,0.9719282471367996,0.0012672687867985,0.9897819463477256,0.0005002442405158,0.9509093921950098,0.0011354817939575,0.942730358385219,0.0015022773598134,0.9561977856115468,0.0025542987830508,0.9946706965570112,0.0007666432281023,0.9535441906812714,0.0013832684134864,0.9680037653643212,0.0009941696790285,0.9890346014579572,0.0006324928730045,0.9986490693235676,0.0001943070359275,0.9876587086620524,0.0003027256136637,0.98489319613844,0.0004165945183273,0.9883460405046276,0.0003337214813977,0.9917233959030008,0.0002628304864618,0.9709451155929496,0.0008583344918583,0.9798635806336607,0.0006284720290896,6.355216999945696,16.897676799970213,0.0303743000258691,0.0245761999976821,"{""classifier__class_weight"": null, ""classifier__max_depth"": 10, ""classifier__min_samples_leaf"": 2, ""classifier__min_samples_split"": 10}"
SVM linear,UNSW-NB15,UNSW-NB15,Intra-dataset,0.9541639831558087,0.9538270993311864,-0.0003368838246222,0.9068305672529106,0.905988357691355,-0.0008422095615555,0.935460397425133,0.9353373338567664,-0.0001230635683666,0.8279415407480802,0.826257121624969,-0.0016844191231112,0.8784231274638633,0.8774200336700336,-0.0010030937938296,0.958186852877438,0.9577947866271932,-0.0003920662502447936,0.9857195937577408,0.9857195937577408,0.0,0.9717582417582418,0.971556575558187,-0.0002016662000547953,0.9250906846110524,0.9244883046141104,-0.0006023799969421,0.9550681557603294,0.0009493864614196,0.954571319376619,0.0008442459063317,0.908371825236316,0.0025878232877756,0.9071058739157368,0.002210608845182,0.9376781806217964,0.0008975704780418,0.9375650571999524,0.0010786909618248,0.830544664092027,0.0053347444450669,0.827996837038745,0.0045186356922067,0.8808557303319718,0.0028837666485939,0.8793740057846199,0.0025375063185115,0.9588144350514836,0.001235990445065,0.958221127606354,0.0010467221099105,0.986198986380605,0.0002574769225331,0.9862149107927288,0.0002742144076803,0.9723134093126348,0.0005653498110936,0.972016144373034,0.0005043913470974,0.9265845698223034,0.0017242486020566,0.9256950750788272,0.0015204134986506,19.427232099988032,54.998011799994856,0.0267282000277191,0.020461999985855,"{""classifier__C"": 0.4944059287398678, ""classifier__class_weight"": null}"
MLP,UNSW-NB15,UNSW-NB15,Intra-dataset,0.986187763190488,0.9859598711914788,-0.000227891999009,0.9901783502600942,0.9894971513500124,-0.0006811989100817,0.9379982285208148,0.9381770638774748,0.0001788353566599,0.9968293287094376,0.9953926182809016,-0.0014367104285361,0.9665193582476704,0.9659383187904136,-0.0005810394572566,0.999194705186602,0.998830321095725,-0.0003643840908770235,0.9835273718107506,0.9836016844191232,7.431260837265086e-05,0.9912991374037226,0.9911575111233144,-0.00014162628040814695,0.9789092478256964,0.978547914956864,-0.0003613328688324,0.9865132277379084,0.0003251805124476,0.9864198055119112,0.0005275880076605,0.9902331336595804,0.0004785290994155,0.9899995807566622,0.000650997889732,0.9397664538262716,0.001105578479103,0.9397454474603788,0.0023415469830063,0.9964329790104428,0.0008508118419314,0.9959658764447972,0.0013122124095607,0.9672700886576197,0.0007804125248573,0.9670369339996612,0.0012469395302304,0.9990946269905006,0.0002158329371912,0.9989763196325802,0.0003324892512818,0.9840332883087182,0.0003099878756185,0.9840332850685272,0.0006675143940557,0.9915067342022584,0.000205394107587,0.9914483289674496,0.0003345597472699,0.9793884114299388,0.0004928565373945,0.9792426314835552,0.0007906323690471,115.39847469999222,326.83941880002385,0.0714589999988675,0.1069497000426054,"{""classifier__alpha"": 0.001026603003516424, ""classifier__early_stopping"": false, ""classifier__hidden_layer_sizes"": [100, 50], ""classifier__learning_rate_init"": 0.0013103269001464436}"
Random Forest,UNSW-NB15,UNSW-NB15,Intra-dataset,0.9861778548427048,0.9870101560564776,0.0008323012137726,0.9867723557096856,0.990599455040872,0.0038270993311864,0.9455562932751588,0.941848487686113,-0.0037078055890459,0.987763190487986,0.9965816200148624,0.0088184295268763,0.9661990259504252,0.968442336855788,0.0022433109053626,0.9969062738761758,0.9991328063141754,0.00222653243799964,0.9857815209313848,0.9846172900668814,-0.0011642308645034571,0.9913126872131476,0.99182194164946,0.0005092544363124452,0.9787558565817864,0.980132139252624,0.0013762826708376,0.9863985731878212,0.0004331810414474,0.9874389570682408,0.0003923329045802,0.9864033616977144,0.0006620001053771,0.9908117030938473,0.0004089657665265,0.9477179330098576,0.0014115815635412,0.9438895633992572,0.0017866196907831,0.9864113395947884,0.0011665320199307,0.9964329587234908,0.0007876215830726,0.966676985201598,0.0010525709421418,0.9694486416983406,0.0009275811300626,0.9965678472549936,0.0002941239677364,0.9990957224096676,0.0001995056927096,0.9863953838006404,0.0003831509824173,0.9851904474642034,0.0005029170355606,0.9914554804179078,0.0002727249122308,0.9920942755502368,0.0002487362507648,0.9790662328097528,0.0006625967432383,0.9807714586242888,0.0005881101227175,50.01436179998564,592.863899100048,0.6913651000359096,1.192993100034073,"{""classifier__class_weight"": null, ""classifier__max_depth"": 20, ""classifier__min_samples_leaf"": 3, ""classifier__n_estimators"": 168}"
XGBoost,UNSW-NB15,UNSW-NB15,Intra-dataset,0.9870696061431756,0.9871587812732228,8.91751300470256e-05,0.9907480802576172,0.9912125340599456,0.0004644538023285,0.9418648193222244,0.9413523996448432,-0.0005124196773811,0.9968788704483528,0.9979687887044836,0.0010899182561308,0.968591301836386,0.9688341669873028,0.0002428651509168,0.999208154749186,0.9994844453386312,0.0002762905894452272,0.9846172900668814,0.9844562794154076,-0.0001610106514737808,0.9918590651337172,0.9919134438995172,5.437876579994505e-05,0.9802251834850516,0.98037380544341,0.0001486219583582,0.9875069005053292,0.000231656235033,0.987587583336872,0.0002289155713099,0.9908462036621924,0.0002742085707024,0.9914380543600242,0.0001130373810996,0.9442101975662418,0.0013597208591428,0.9433575165239562,0.0013518668557633,0.9964117205386682,0.0007459496937494,0.9978555181298856,0.00047673683677,0.9696078677252814,0.0005389356161,0.9698406790267547,0.0005273362225217,0.9990904497908472,0.0001886213316768,0.9994560844728616,0.0001206790591921,0.9852806867857165,0.0003882780804055,0.985020590590163,0.0003861067548592,0.9921374421864838,0.0001474753695279,0.9921857716942114,0.0001460578296504,0.9808726549558828,0.0003431356956237,0.9810132253604832,0.0003366845953766,4.654366599977948,52.22864270000719,0.182274300022982,0.5884333999711089,"{""classifier__colsample_bytree"": 0.9725786509279286, ""classifier__learning_rate"": 0.05898416056128349, ""classifier__max_depth"": 8, ""classifier__n_estimators"": 200, ""classifier__subsample"": 0.8574398130611336}"
