model,training_method,training_source,training_rows,n_splits,random_state,params,elapsed_seconds,elapsed_minutes,cv_elapsed_seconds,refit_time_seconds,fit_time_mean,fit_time_std,score_time_mean,score_time_std,model_size_mb,model_file,precision_attack_mean,precision_attack_std,recall_attack_mean,recall_attack_std,f1_attack_mean,f1_attack_std,precision_benign_mean,precision_benign_std,recall_benign_mean,recall_benign_std,f1_benign_mean,f1_benign_std,f1_macro_mean,f1_macro_std,accuracy_mean,accuracy_std,balanced_accuracy_mean,balanced_accuracy_std
decision_tree,baseline,cicids2017,235490,5,1,{},6.396217699977569,0.10660362833295949,4.713621200004127,1.6825964999734424,1.8892301559448241,0.06221389039759721,0.05837335586547852,0.005847734101863205,0.033245086669921875,cicids2017.joblib,0.9816211078216464,0.0012576620738391257,0.987579115168802,0.001499592664603386,0.9845894988998136,0.0005821079449063445,0.9968902714693636,0.0003735936529981797,0.9953766629218839,0.00032693235492884786,0.9961327895982028,0.00014486769782009527,0.9903611442490083,0.0003634372352942491,0.9938171472249351,0.00023196739196988455,0.9914778890453431,0.0006523443299417518
decision_tree,baseline,unsw_nb15,235490,5,1,{},6.355216999945696,0.10592028333242827,4.412126199982595,1.9430907999631017,2.027362585067749,0.04811195083697138,0.0671600341796875,0.004764466531093815,0.08692455291748047,unsw_nb15.joblib,0.9509093921950098,0.001135481793957575,0.9561977856115467,0.0025542987830508477,0.9535441906812714,0.0013832684134864825,0.9890346014579571,0.0006324928730045231,0.9876587086620525,0.000302725613663756,0.9883460405046275,0.0003337214813977644,0.9709451155929495,0.000858334491858329,0.9813665123784447,0.0005377439761612578,0.9719282471367997,0.0012672687867985985
decision_tree,baseline,iot23,235490,5,1,{},3.3769867999944836,0.056283113333241395,2.8076232000021264,0.5693635999923572,0.6760944843292236,0.06137827072540156,0.06228218078613281,0.00892379061797117,0.010662078857421875,iot23.joblib,0.9988687451921157,0.00022005432216615545,0.9936515206535825,0.0008918542992922699,0.9962531261689088,0.0004991118813347362,0.9984149994709968,0.00022232921916802016,0.9997186722410933,5.464706155504448e-05,0.999066399660897,0.0001239174067376383,0.9976597629149031,0.00031151458983612443,0.9985052443840502,0.00019854209907103852,0.996685096447338,0.00045662662721527274
decision_tree,baseline,cicids2017_unsw_nb15,470980,5,1,{},9.821428399998695,0.16369047333331158,5.311170800006948,4.510257599991746,4.847371530532837,0.06708683376819641,0.09717845916748047,0.010417014785468852,0.1258554458618164,cicids2017_unsw_nb15.joblib,0.9654171700235439,0.0013296518607174832,0.9708586109427195,0.0013298574659821808,0.9681298633376626,0.001182493696710008,0.9927044254011363,0.0003318333902929523,0.9913053637145033,0.0003392905348939464,0.9920043765431362,0.00029677608482903746,0.9800671199403993,0.0007396085104788881,0.9872160176652937,0.00047445574871488397,0.9810819873286114,0.0007726996625962897
decision_tree,baseline,cicids2017_iot23,470980,5,1,{},6.81008019996807,0.1135013366661345,3.853530799970031,2.956549399998039,3.472774028778076,0.04133852181293,0.09194207191467285,0.006477717802931636,0.04250335693359375,cicids2017_iot23.joblib,0.9892843058053341,0.0004981978766383159,0.9908488686510986,0.00047429272226830725,0.9900658224590512,0.00030221345006576944,0.9977113295565271,0.00011828658995858723,0.9973167656840287,0.0001262705234613745,0.9975139993308832,7.561988611475248e-05,0.9937899108949673,0.00018891322159659903,0.9960231856979064,0.0001209683598729648,0.9940828171675637,0.00023042076512172797
decision_tree,baseline,unsw_nb15_iot23,470980,5,1,{},5.685558099998161,0.09475930166663601,3.18580400000792,2.4997540999902412,2.800697135925293,0.04925592998508071,0.08895578384399414,0.005891981590964567,0.09531402587890625,unsw_nb15_iot23.joblib,0.9747620241537666,0.0006880361371420658,0.9750308018476825,0.00155589051726044,0.9748957469242103,0.0009024885933711248,0.9937574074543779,0.00038686745300090696,0.993688692072563,0.0001749506549312702,0.9937230072912187,0.00022156560613318494,0.9843093771077147,0.0005620081039089171,0.9899571107053378,0.0003557919243390766,0.9843597469601229,0.0007929178549074214
random_forest,baseline,cicids2017,235490,5,1,{},49.53146780002862,0.8255244633338104,27.368668200040702,22.16279959998792,26.53660445213318,0.32220535796556427,0.24423661231994628,0.014321600199557352,3.159243583679199,cicids2017.joblib,0.9818408264607321,0.0014399183414948368,0.9928659557667803,0.001229521343983605,0.9873213543499079,0.0007439517679356202,0.9982116026615598,0.0003074817203648275,0.9954085107599864,0.0003726942478845446,0.9968080043570634,0.0001879622156583447,0.9920646793534855,0.00046593652349522625,0.9948999957535353,0.00030009019056530424,0.9941372332633833,0.0005656679207065324
random_forest,baseline,unsw_nb15,235490,5,1,{},50.014361799985636,0.8335726966664273,27.62596289999783,22.388398899987806,26.637798023223876,0.29236426767344315,0.27947216033935546,0.014628276167009973,8.326911926269531,unsw_nb15.joblib,0.9477179330098577,0.001411581563541221,0.9864113395947884,0.0011665320199307071,0.966676985201598,0.0010525709421418824,0.9965678472549937,0.00029412396773647345,0.9863953838006403,0.00038315098241733635,0.9914554804179078,0.0002727249122308333,0.9790662328097529,0.0006625967432383607,0.9863985731878211,0.0004331810414474237,0.9864033616977143,0.0006620001053771061
random_forest,baseline,iot23,235490,5,1,{},26.33050340000773,0.43884172333346216,15.94825709995348,10.382246300054248,15.156175231933593,0.30893556902939245,0.2250464916229248,0.010855128941986108,0.790928840637207,iot23.joblib,0.9991461693233081,0.0002232420370582906,0.9936302847228656,0.0010005195753190893,0.9963802637685522,0.0004486526075967183,0.9984098417398917,0.00024927817626766666,0.9997876768999401,5.56708041496084e-05,0.9990982639354197,0.00011113952665364423,0.997739263851986,0.00027989593981701686,0.9985562019618668,0.00017814919498411412,0.9967089808114027,0.00048474262174941565
random_forest,baseline,cicids2017_unsw_nb15,470980,5,1,{},141.9420588000212,2.3657009800003532,79.15476280002622,62.78729599999497,77.58593583106995,0.6095356035867221,0.6174626827239991,0.022036845950984398,12.321856498718262,cicids2017_unsw_nb15.joblib,0.9644110460188451,0.0012397592436886938,0.988152361912638,0.0006692682334673031,0.9761369616713557,0.0007845482618099678,0.9970197630789095,0.0001681025273668487,0.9908833714422546,0.0003274101658896408,0.993942068695878,0.0002019848696120358,0.9850395151836168,0.0004932513893018005,0.9903371693065524,0.00032126127149236926,0.9895178666774462,0.00040602310493666145
random_forest,baseline,cicids2017_iot23,470980,5,1,{},123.7204091999447,2.062006819999078,72.45390829996904,51.266500899975654,71.006271982193,0.4145116391744765,0.5826377868652344,0.010153889345227306,4.030019760131836,cicids2017_iot23.joblib,0.9897264170259101,0.000661581395037049,0.9930145661600719,0.0006777725604908102,0.9913674685708314,0.0003930102433698801,0.9982522271530373,0.00016920421699154282,0.9974229274101425,0.00016813911192243897,0.9978373861653083,9.838993126533397e-05,0.9946024273680697,0.00024569587202296315,0.9965412544057074,0.00015737721737828838,0.9952187467851074,0.0003219257339054267
random_forest,baseline,unsw_nb15_iot23,470980,5,1,{},104.24848270002985,1.7374747116671643,58.509357600007206,45.73912510002265,56.98093771934509,0.44809160874206916,0.6009630680084228,0.04735940742969087,9.183341026306152,unsw_nb15_iot23.joblib,0.9725906988700517,0.0006107400018663803,0.9895855477338481,0.0004211181075089234,0.9810143735187467,0.00035900099943765763,0.9973849749310826,0.00010545788040876934,0.9930278362599525,0.00015978730788602838,0.9952016265414304,9.160706928533088e-05,0.9881080000300886,0.00022529450834642047,0.9923393774682576,0.00014596354191086813,0.9913066919969002,0.00021770646920342806
xgboost,baseline,cicids2017,235490,5,1,{},4.028532100026496,0.06714220166710826,2.4627515000174753,1.5657806000090204,2.0607664585113525,0.05110686627895341,0.13831696510314942,0.016388182640352477,0.09350395202636719,cicids2017.joblib,0.9807706616405474,0.0012225696831091252,0.9929509085060712,0.0013669045722722727,0.986822190257849,0.0008259366087684294,0.9982323648896241,0.0003419340629580307,0.9951324902931871,0.0003169712296415762,0.9966799515621922,0.00020779671264069065,0.9917510709100206,0.0005168485597453459,0.9946961654422692,0.000332039879439885,0.994041699399629,0.0006687554096504763
xgboost,baseline,unsw_nb15,235490,5,1,{},4.654366599977948,0.07757277666629912,2.9090679999790154,1.7452985999989323,2.5202200412750244,0.06380949056100906,0.14626731872558593,0.019572203074682437,0.11021137237548828,unsw_nb15.joblib,0.9442101975662418,0.0013597208591428775,0.9964117205386682,0.000745949693749491,0.9696078677252814,0.00053893561610008,0.9990904497908473,0.00018862133167689375,0.9852806867857165,0.0003882780804055791,0.9921374421864838,0.0001474753695279086,0.9808726549558827,0.0003431356956237116,0.9875069005053293,0.00023165623503307108,0.9908462036621923,0.0002742085707024999
xgboost,baseline,iot23,235490,5,1,{},3.484701400040649,0.05807835666734415,2.148867500014603,1.3358339000260457,1.763199806213379,0.01958888196988852,0.13924098014831543,0.008300095568304458,0.055563926696777344,iot23.joblib,0.9996580234765492,0.00015719544626021788,0.9932905706922517,0.000962385023028117,0.9964639362207022,0.0005400698371662469,0.9983253654482546,0.00023980117961352123,0.9999150709290294,3.9006070703049046e-05,0.9991195741980727,0.0001339719904840489,0.9977917552093875,0.00033702088750542093,0.9985901736804111,0.00021468809137993174,0.9966028208106407,0.0004945218994140616
xgboost,baseline,cicids2017_unsw_nb15,470980,5,1,{},8.966338600032032,0.14943897666720052,5.139030200021807,3.8273084000102244,4.579791593551636,0.05454283089256834,0.270296049118042,0.03299308129093902,0.11713409423828125,cicids2017_unsw_nb15.joblib,0.9605095885122001,0.000937909199417864,0.9935878393615629,0.0009556921564007018,0.9767684636029287,0.0007878209412891285,0.9983830746153958,0.00024080171426447397,0.989787252873079,0.00024874193413683594,0.9940665622686767,0.0002013456258692954,0.9854175129358028,0.0004945680247165849,0.9905473693150452,0.00032071353498662025,0.9916875461173209,0.0005343773456442293
xgboost,baseline,cicids2017_iot23,470980,5,1,{},7.9047669999999925,0.13174611666666655,4.685421000001952,3.2193459999980405,4.0967875003814695,0.12449253804790114,0.27141757011413575,0.02557898231825771,0.09251976013183594,cicids2017_iot23.joblib,0.9887168358769964,0.0007445993411229905,0.9925793011493415,0.0009468267237312712,0.9906441128647284,0.0007315170212860609,0.9981430467450387,0.00023670977673465903,0.9971681395280971,0.00018758318725708235,0.9976553428432172,0.0001830113249805947,0.9941497278539728,0.00045726276998456314,0.9962503715656716,0.0002927751953523114,0.9948737203387192,0.0005250164474638125
xgboost,baseline,unsw_nb15_iot23,470980,5,1,{},7.826982699974906,0.13044971166624844,4.569546999991871,3.2574356999830343,4.024860000610351,0.04896113495289148,0.2695320606231689,0.0366224941792418,0.1050262451171875,unsw_nb15_iot23.joblib,0.9706880813757925,0.0007225913813694922,0.9949148511653503,0.0007724800106693192,0.9826520306518522,0.0006534265647067985,0.998720751965745,0.00019418429185888967,0.9924890660572805,0.00018764131275076607,0.9955951486701814,0.00016577975426802566,0.9891235896610168,0.00040959804373047004,0.9929742239585545,0.0002644596557021484,0.9937019586113154,0.0004413082164214157
linear_svm,baseline,cicids2017,235490,5,1,{},14.703876900079194,0.2450646150013199,7.31929970002966,7.384577200049534,5.6919783592224125,1.1602659731355414,0.061408376693725585,0.013644372364171082,0.001983642578125,cicids2017.joblib,0.8290974435577537,0.00465994236017554,0.5524225956974982,0.002746466492640763,0.6630475382205531,0.002610590531617768,0.8967216386545701,0.0005731320152286897,0.9715274465435707,0.0009285003049421975,0.9326266371243015,0.0005596438156078047,0.7978370876724273,0.0015650471723160355,0.8877064843517772,0.0009117942174294101,0.7619750211205344,0.0014358271356713602
linear_svm,baseline,unsw_nb15,235490,5,1,{},19.427232099988032,0.3237872016664672,16.022331600019243,3.4049004999687895,7.658934545516968,4.137523320761799,0.05188112258911133,0.00715497658411775,0.0019969940185546875,unsw_nb15.joblib,0.9376781806217963,0.000897570478041804,0.830544664092027,0.005334744445066972,0.8808557303319718,0.002883766648593903,0.9588144350514837,0.0012359904450650152,0.986198986380605,0.0002574769225331344,0.9723134093126349,0.0005653498110936085,0.9265845698223034,0.0017242486020566778,0.9550681557603294,0.0009493864614196546,0.9083718252363159,0.002587823287775613
linear_svm,baseline,iot23,235490,5,1,{},7.349615300016012,0.1224935883336002,4.048727400018834,3.3008878999971785,2.992871952056885,0.4625941446482813,0.06086854934692383,0.011479432074871522,0.001979827880859375,iot23.joblib,0.9955628841712706,0.00040765960196849463,0.9908913320390258,0.0011182922915844618,0.9932213186854177,0.0006465326766494701,0.9977255720384572,0.0002786474194969084,0.9988959201050929,0.00010153930772831702,0.9983103846542394,0.0001601886822566043,0.9957658516698285,0.0004033601836160417,0.9972950019109093,0.00025676192548016027,0.9948936260720593,0.000574262171741141
linear_svm,baseline,cicids2017_unsw_nb15,470980,5,1,{},57.766331299964804,0.9627721883327467,24.72089989995584,33.045431400008965,16.12854733467102,5.071438522150969,0.10143299102783203,0.02295345428984263,0.0019960403442382812,cicids2017_unsw_nb15.joblib,0.8087316322701211,0.002306061915315686,0.6157480303823808,0.0032373997467654765,0.6991664014164161,0.00293988637602663,0.909345557594493,0.0007251245844437695,0.9635945258972726,0.00035696746468549714,0.9356843455042905,0.0005489481007972935,0.8174253734603534,0.00174427628013684,0.8940252240010192,0.0009275537073048015,0.7896712781398267,0.0017924636329228695
linear_svm,baseline,cicids2017_iot23,470980,5,1,{},43.82943800004432,0.730490633334072,30.380428500007838,13.449009500036482,21.04154152870178,6.893825292931819,0.0935478687286377,0.013097444157948994,0.00199127197265625,cicids2017_iot23.joblib,0.8903503885772446,0.003704130578820561,0.9480550815610522,0.002216698730559308,0.918295054979005,0.002805981049138301,0.9867997632609627,0.0005654294743046218,0.9708082100639638,0.0010592241650167755,0.9787385099805495,0.0007578526674190063,0.9485167824797772,0.0017816695309485987,0.9662575905558622,0.001193505935400344,0.9594316458125081,0.0015184664590941147
linear_svm,baseline,unsw_nb15_iot23,470980,5,1,{},15.282686599995941,0.2547114433332657,9.077903600002173,6.204782999993768,8.260369539260864,0.2285442112871006,0.0836371898651123,0.01128927983731373,0.0019931793212890625,unsw_nb15_iot23.joblib,0.9479162992139993,0.0010733040787521352,0.903265519906135,0.0017753493355352533,0.925051706602062,0.0012526298791596328,0.9760979995352764,0.0004304444552583651,0.9875923619478003,0.0002587577452257746,0.9818114979552712,0.00029320637232248015,0.9534316022786665,0.000772752096173251,0.9707269947768482,0.0004751773259528772,0.9454289409269677,0.0009454679359480516
mlp,baseline,cicids2017,235490,5,1,{},83.29120260005584,1.3881867100009306,51.64938640000764,31.641816200048197,47.75852031707764,3.926151778548326,0.064827299118042,0.0018500357880089737,0.05902290344238281,cicids2017.joblib,0.977916406480405,0.0025772216003857166,0.9864961796287893,0.0053276532992321685,0.9821740630205715,0.0020366669944926054,0.9966190261778338,0.0013280533728771502,0.994426510135534,0.000687843028838516,0.9955206869049087,0.0004966128670456,0.9888473749627401,0.0012665434650533374,0.9928404603167863,0.0007985612296346278,0.9904613448821618,0.0024420571632529494
mlp,baseline,unsw_nb15,235490,5,1,{},115.39847469999222,1.923307911666537,58.78259989997605,56.61587480001617,52.61089177131653,3.219587325928958,0.065472412109375,0.0020128520439434447,0.06237030029296875,unsw_nb15.joblib,0.9397664538262717,0.0011055784791030182,0.9964329790104429,0.0008508118419314234,0.9672700886576197,0.0007804125248573381,0.9990946269905006,0.00021583293719121843,0.9840332883087182,0.0003099878756185252,0.9915067342022583,0.000205394107587094,0.9793884114299388,0.000492856537394517,0.9865132277379083,0.00032518051244769024,0.9902331336595805,0.00047852909941551087
mlp,baseline,iot23,235490,5,1,{},28.232198599958792,0.47053664333264655,18.16397929994855,10.068219300010242,15.032270812988282,1.9825472221895717,0.07690539360046386,0.014313045502793791,0.05866241455078125,iot23.joblib,0.9994012970563008,0.0006908909730606388,0.9913159830301899,0.0012514551521444336,0.995341626291691,0.0006611593877540935,0.9978334832636179,0.000311459943160984,0.9998513728579008,0.00017167561118721302,0.9988413723791059,0.00016388631680475238,0.9970914993353984,0.0004125215040421274,0.9981442948745171,0.0002626636730933809,0.9955836779440453,0.0006159008008524723
mlp,baseline,cicids2017_unsw_nb15,470980,5,1,{},280.473578300036,4.674559638333934,161.4036558000371,119.06992249999894,147.08869667053222,8.177009676624309,0.14161224365234376,0.02089759144268258,0.0625467300415039,cicids2017_unsw_nb15.joblib,0.9518233763479653,0.007261727415652531,0.9787042639444824,0.01382645179132715,0.9649782749249107,0.005079334053267484,0.9946550999395398,0.003434813411713302,0.9875817505686222,0.002086931887615454,0.9910991285172326,0.0012023432981641928,0.9780387017210718,0.003139393680349086,0.9858061913457046,0.0019445725762961726,0.9831430072565525,0.0062036838301762496
mlp,baseline,cicids2017_iot23,470980,5,1,{},318.5597540999879,5.309329234999798,151.96698930003913,166.59276479994878,125.95063862800598,22.221070625821806,0.118461275100708,0.0046157520037934776,0.059391021728515625,cicids2017_iot23.joblib,0.9815859963933443,0.008526130705209984,0.9870164255859434,0.00280534498747438,0.9842747906646567,0.004710599016358854,0.9967498120204767,0.0007004804079592451,0.995352779227624,0.00220260851977426,0.996049579133248,0.0012076519733264762,0.9901621848989525,0.0029590969030679794,0.993685506815576,0.0019225209972388193,0.9911846024067836,0.0019005824949358942
mlp,baseline,unsw_nb15_iot23,470980,5,1,{},313.8120556999929,5.230200928333216,150.09962200000882,163.7124336999841,149.13229098320008,0.2544313756469144,0.11822657585144043,0.005620165110808854,0.0628194808959961,unsw_nb15_iot23.joblib,0.9614631574843804,0.005310130106231233,0.9741178760372986,0.008250759497037692,0.9677127611419977,0.0034889551619007204,0.9935139098909478,0.002057108178695637,0.9902251749813219,0.0014344380060322256,0.9918644010962374,0.0008588957764119032,0.9797885811191176,0.002173293482818976,0.9870036944243916,0.0013782607930046598,0.9821715255093103,0.0037668429288880683
